CHILD,DOB,REVIEW,REVIEW_CODE
62551,18/03/2005,25/12/2011,PN1
62551,18/03/2005,01/05/2013,PN0
62551,18/03/2005,24/09/2014,PN5
62551,18/03/2005,24/04/2019,PN5
62551,18/03/2005,16/09/2019,PN2
185992,29/07/2009,28/05/2015,PN4
185992,29/07/2009,08/10/2017,PN3
185992,29/07/2009,01/12/2017,PN4
185992,29/07/2009,19/12/2017,PN4
185992,29/07/2009,04/02/2021,PN1
185992,29/07/2009,20/06/2021,PN6
225242,27/11/2005,29/09/2014,PN0
225242,27/11/2005,07/09/2015,PN7
225242,27/11/2005,20/02/2016,PN6
225242,27/11/2005,02/03/2016,PN1
225242,27/11/2005,18/08/2016,PN2
225242,27/11/2005,03/09/2017,PN6
225242,27/11/2005,15/07/2021,PN3
225242,27/11/2005,05/12/2021,PN3
225242,27/11/2005,22/06/2023,PN2
225242,27/11/2005,15/11/2023,PN2
158853,11/04/2008,24/05/2014,PN4
158853,11/04/2008,19/05/2015,PN2
158853,11/04/2008,14/11/2015,PN0
158853,11/04/2008,15/11/2015,PN1
158853,11/04/2008,10/01/2016,PN4
158853,11/04/2008,15/10/2016,PN3
158853,11/04/2008,19/11/2016,PN4
158853,11/04/2008,31/01/2017,PN4
158853,11/04/2008,05/04/2020,PN3
158853,11/04/2008,26/07/2020,PN0
158853,11/04/2008,25/08/2021,PN5
158853,11/04/2008,17/08/2022,PN6
158853,11/04/2008,07/10/2022,PN5
158853,11/04/2008,15/02/2023,PN0
158853,11/04/2008,04/06/2023,PN7
158853,11/04/2008,23/07/2023,PN1
53693,28/12/2007,27/12/2018,PN7
53693,28/12/2007,09/06/2019,PN7
53693,28/12/2007,15/09/2019,PN1
53693,28/12/2007,03/10/2019,PN2
53693,28/12/2007,30/03/2020,PN3
168196,12/10/2009,31/12/2017,PN4
168196,12/10/2009,14/01/2018,PN6
168196,12/10/2009,19/07/2019,PN1
168196,12/10/2009,09/09/2019,PN4
637234,07/08/2006,20/03/2011,PN0
637234,07/08/2006,27/03/2012,PN6
637234,07/08/2006,08/09/2014,PN2
637234,07/08/2006,03/01/2015,PN7
637234,07/08/2006,30/04/2015,PN4
637234,07/08/2006,08/03/2016,PN3
637234,07/08/2006,17/04/2016,PN5
637234,07/08/2006,13/03/2020,PN6
637234,07/08/2006,08/06/2020,PN1
406894,15/08/2002,02/10/2018,PN5
406894,15/08/2002,27/04/2019,PN5
721638,03/07/2009,30/03/2019,PN7
721638,03/07/2009,21/08/2019,PN5
721638,03/07/2009,13/06/2020,PN2
721638,03/07/2009,24/07/2020,PN5
721638,03/07/2009,11/02/2021,PN3
525420,12/12/2009,10/08/2020,PN7
525420,12/12/2009,16/06/2021,PN7
711196,17/07/2005,08/02/2013,PN7
711196,17/07/2005,26/09/2014,PN1
711196,17/07/2005,10/02/2019,PN2
711196,17/07/2005,16/12/2020,PN3
711196,17/07/2005,02/01/2021,PN2
711196,17/07/2005,08/03/2023,PN4
457493,09/06/2007,08/05/2018,PN5
457493,09/06/2007,15/10/2019,PN1
457493,09/06/2007,09/12/2019,PN5
457493,09/06/2007,18/12/2019,PN3
230591,15/04/2009,03/03/2019,PN2
230591,15/04/2009,28/06/2019,PN4
230591,15/04/2009,07/02/2021,PN0
718139,25/12/2008,14/11/2014,PN5
718139,25/12/2008,29/05/2015,PN7
718139,25/12/2008,29/08/2015,PN4
718139,25/12/2008,03/12/2015,PN7
718139,25/12/2008,07/09/2016,PN3
718139,25/12/2008,20/07/2017,PN0
718139,25/12/2008,07/01/2015,PN3
718139,25/12/2008,25/01/2015,PN0
718139,25/12/2008,08/11/2015,PN0
718139,25/12/2008,15/09/2016,PN1
718139,25/12/2008,19/12/2016,PN5
718139,25/12/2008,11/01/2017,PN7
718139,25/12/2008,24/01/2017,PN3
718139,25/12/2008,12/06/2017,PN5
718139,25/12/2008,27/03/2019,PN4
955207,22/10/2008,12/01/2019,PN4
955207,22/10/2008,17/03/2019,PN4
955207,22/10/2008,11/04/2020,PN0
158809,19/09/2006,29/12/2015,PN0
158809,19/09/2006,01/08/2017,PN5
374015,26/11/2008,13/02/2020,PN2
420870,13/09/2005,06/08/2013,PN1
420870,13/09/2005,06/05/2014,PN2
420870,13/09/2005,27/07/2017,PN7
420870,13/09/2005,01/09/2018,PN6
420870,13/09/2005,08/06/2019,PN1
420870,13/09/2005,19/02/2020,PN6
420870,13/09/2005,25/07/2020,PN2
420870,13/09/2005,20/02/2021,PN4
748243,01/10/2007,13/09/2016,PN0
748243,01/10/2007,26/11/2017,PN0
748243,01/10/2007,21/10/2019,PN4
227758,23/04/2003,14/10/2016,PN6
227758,23/04/2003,23/12/2016,PN1
184159,19/09/2007,27/07/2014,PN0
184159,19/09/2007,15/07/2015,PN2
184159,19/09/2007,20/12/2015,PN7
184159,19/09/2007,12/02/2016,PN4
184159,19/09/2007,17/05/2016,PN6
184159,19/09/2007,14/11/2020,PN2
184159,19/09/2007,23/08/2022,PN6
184159,19/09/2007,17/11/2022,PN4
814528,17/07/2004,28/12/2018,PN4
814528,17/07/2004,23/07/2019,PN5
814528,17/07/2004,23/09/2019,PN5
814528,17/07/2004,01/10/2019,PN4
814528,17/07/2004,21/09/2020,PN5
814528,17/07/2004,22/05/2022,PN0
439481,17/04/2007,14/01/2011,PN7
439481,17/04/2007,16/04/2011,PN1
439481,17/04/2007,03/11/2013,PN5
439481,17/04/2007,07/01/2014,PN4
439481,17/04/2007,31/05/2016,PN3
439481,17/04/2007,15/01/2018,PN6
439481,17/04/2007,08/02/2018,PN7
439481,17/04/2007,16/07/2018,PN2
439481,17/04/2007,03/08/2018,PN1
439481,17/04/2007,01/05/2019,PN2
439481,17/04/2007,06/06/2019,PN4
439481,17/04/2007,01/02/2020,PN0
439481,17/04/2007,28/10/2020,PN4
439481,17/04/2007,07/02/2022,PN4
725812,21/11/2006,17/07/2014,PN5
725812,21/11/2006,14/04/2015,PN1
725812,21/11/2006,13/08/2015,PN3
725812,21/11/2006,18/01/2016,PN1
725812,21/11/2006,13/01/2017,PN5
725812,21/11/2006,15/01/2017,PN2
725812,21/11/2006,10/05/2017,PN6
725812,21/11/2006,12/07/2017,PN0
725812,21/11/2006,15/04/2018,PN6
725812,21/11/2006,23/07/2019,PN4
725812,21/11/2006,08/08/2020,PN3
725812,21/11/2006,19/09/2020,PN1
725812,21/11/2006,25/02/2021,PN2
735996,05/10/2007,08/12/2017,PN6
735996,05/10/2007,10/07/2018,PN4
735996,05/10/2007,10/09/2020,PN5
735996,05/10/2007,06/08/2022,PN3
735996,05/10/2007,07/11/2023,PN6
735996,05/10/2007,30/08/2024,PN7
735996,05/10/2007,23/02/2025,PN4
424048,28/04/2004,22/04/2017,PN2
424048,28/04/2004,01/07/2017,PN4
424048,28/04/2004,16/03/2018,PN5
424048,28/04/2004,24/03/2018,PN4
424048,28/04/2004,07/03/2019,PN5
424048,28/04/2004,05/12/2020,PN0
502939,08/07/2005,25/12/2013,PN5
502939,08/07/2005,27/06/2014,PN3
502939,08/07/2005,20/09/2014,PN6
502939,08/07/2005,10/02/2018,PN6
502939,08/07/2005,06/06/2018,PN4
502939,08/07/2005,08/07/2018,PN6
502939,08/07/2005,14/08/2018,PN6
502939,08/07/2005,13/03/2019,PN7
536074,05/11/2008,13/09/2010,PN2
536074,05/11/2008,06/05/2011,PN2
536074,05/11/2008,10/01/2013,PN7
536074,05/11/2008,03/10/2013,PN6
536074,05/11/2008,22/12/2013,PN4
536074,05/11/2008,23/05/2022,PN1
536074,05/11/2008,18/08/2023,PN4
536074,05/11/2008,14/01/2026,PN4
536074,05/11/2008,22/01/2026,PN6
731959,29/09/2007,07/06/2016,PN0
370716,21/07/2009,22/07/2015,PN3
370716,21/07/2009,16/08/2015,PN7
370716,21/07/2009,19/10/2015,PN6
370716,21/07/2009,23/07/2018,PN5
370716,21/07/2009,05/12/2019,PN4
370716,21/07/2009,05/03/2022,PN4
370716,21/07/2009,25/03/2023,PN2
370716,21/07/2009,13/01/2024,PN4
279171,15/01/2008,15/03/2015,PN6
279171,15/01/2008,20/03/2015,PN5
279171,15/01/2008,29/05/2015,PN2
279171,15/01/2008,23/01/2018,PN0
279171,15/01/2008,07/03/2019,PN0
279171,15/01/2008,03/12/2019,PN4
279171,15/01/2008,09/03/2021,PN7
279171,15/01/2008,23/07/2022,PN3
279171,15/01/2008,19/12/2022,PN2
279171,15/01/2008,10/10/2023,PN1
279171,15/01/2008,22/12/2023,PN5
279171,15/01/2008,26/02/2024,PN5
279171,15/01/2008,01/04/2025,PN2
279171,15/01/2008,28/04/2025,PN4
99151,27/12/2005,24/07/2017,PN0
99151,27/12/2005,04/08/2017,PN3
99151,27/12/2005,05/11/2018,PN6
99151,27/12/2005,22/06/2019,PN7
99151,27/12/2005,07/08/2019,PN6
99151,27/12/2005,18/12/2019,PN4
99151,27/12/2005,08/05/2020,PN0
87408,09/01/2005,04/08/2016,PN4
87408,09/01/2005,16/10/2017,PN5
87408,09/01/2005,20/08/2018,PN1
87408,09/01/2005,27/06/2019,PN5
87408,09/01/2005,27/11/2019,PN4
204727,17/03/2006,17/05/2017,PN1
204727,17/03/2006,22/06/2019,PN1
204727,17/03/2006,21/10/2019,PN6
604939,25/01/2005,21/04/2020,PN2
604939,25/01/2005,09/10/2021,PN6
96146,28/01/2009,25/08/2016,PN2
96146,28/01/2009,11/08/2018,PN2
96146,28/01/2009,08/11/2018,PN4
96146,28/01/2009,17/12/2018,PN4
96146,28/01/2009,22/02/2019,PN6
96146,28/01/2009,14/10/2019,PN7
96146,28/01/2009,20/02/2020,PN7
96146,28/01/2009,17/03/2020,PN4
96146,28/01/2009,17/05/2020,PN5
442009,17/02/2004,03/02/2015,PN1
442009,17/02/2004,14/01/2016,PN2
442009,17/02/2004,14/06/2017,PN0
442009,17/02/2004,18/11/2018,PN4
557029,04/01/2007,24/10/2018,PN7
557029,04/01/2007,24/01/2019,PN0
557029,04/01/2007,16/02/2019,PN4
557029,04/01/2007,10/04/2019,PN1
557029,04/01/2007,02/06/2019,PN1
557029,04/01/2007,26/10/2020,PN2
479556,15/04/2006,09/11/2011,PN5
479556,15/04/2006,12/03/2012,PN4
479556,15/04/2006,26/05/2012,PN5
479556,15/04/2006,17/01/2013,PN3
479556,15/04/2006,27/03/2013,PN2
479556,15/04/2006,16/05/2013,PN7
479556,15/04/2006,14/10/2013,PN3
479556,15/04/2006,21/11/2020,PN7
479556,15/04/2006,31/01/2022,PN5
506970,18/12/2009,01/11/2019,PN7
506970,18/12/2009,02/05/2020,PN1
506970,18/12/2009,11/11/2020,PN0
506970,18/12/2009,12/08/2021,PN6
745426,03/10/2007,01/09/2015,PN3
745426,03/10/2007,18/04/2016,PN7
745426,03/10/2007,19/10/2016,PN2
745426,03/10/2007,11/02/2017,PN0
745426,03/10/2007,14/11/2017,PN5
745426,03/10/2007,26/03/2021,PN3
745426,03/10/2007,28/10/2022,PN0
745426,03/10/2007,05/04/2023,PN0
462241,09/07/2003,10/07/2019,PN3
737153,31/05/2003,30/10/2010,PN1
737153,31/05/2003,25/01/2013,PN2
737153,31/05/2003,12/05/2014,PN0
737153,31/05/2003,20/02/2017,PN0
737153,31/05/2003,19/03/2017,PN4
737153,31/05/2003,08/07/2017,PN0
737153,31/05/2003,16/09/2017,PN5
737153,31/05/2003,26/10/2017,PN0
737153,31/05/2003,13/05/2018,PN2
737153,31/05/2003,30/01/2020,PN4
464233,31/03/2005,27/07/2014,PN7
464233,31/03/2005,16/10/2015,PN1
464233,31/03/2005,18/10/2015,PN3
464233,31/03/2005,25/08/2016,PN0
464233,31/03/2005,26/11/2016,PN5
464233,31/03/2005,23/05/2017,PN2
464233,31/03/2005,23/07/2017,PN1
464233,31/03/2005,26/11/2017,PN1
464233,31/03/2005,19/03/2018,PN5
464233,31/03/2005,30/08/2018,PN3
464233,31/03/2005,05/09/2019,PN3
464233,31/03/2005,17/11/2021,PN2
464233,31/03/2005,09/10/2022,PN4
464233,31/03/2005,01/01/2023,PN3
464233,31/03/2005,04/01/2023,PN4
994928,01/02/2005,27/11/2013,PN3
994928,01/02/2005,23/07/2016,PN6
994928,01/02/2005,21/09/2016,PN7
994928,01/02/2005,05/06/2017,PN0
994928,01/02/2005,07/01/2018,PN6
994928,01/02/2005,17/01/2020,PN4
994928,01/02/2005,12/02/2020,PN6
994928,01/02/2005,30/05/2020,PN1
994928,01/02/2005,07/04/2021,PN4
994928,01/02/2005,10/07/2022,PN7
842080,14/05/2007,21/05/2016,PN6
842080,14/05/2007,05/05/2017,PN5
842080,14/05/2007,11/03/2018,PN2
842080,14/05/2007,05/04/2019,PN6
842080,14/05/2007,24/05/2019,PN6
842080,14/05/2007,11/02/2024,PN2
842080,14/05/2007,19/07/2024,PN2
842080,14/05/2007,22/12/2024,PN1
842080,14/05/2007,30/12/2024,PN6
386356,23/08/2008,30/12/2015,PN4
386356,23/08/2008,05/03/2017,PN5
386356,23/08/2008,30/06/2018,PN4
386356,23/08/2008,11/07/2018,PN7
386356,23/08/2008,19/10/2019,PN6
386356,23/08/2008,16/07/2020,PN4
386356,23/08/2008,16/10/2021,PN2
386356,23/08/2008,10/05/2023,PN7
386356,23/08/2008,04/04/2025,PN4
386356,23/08/2008,07/07/2025,PN1
291083,10/08/2006,31/05/2012,PN0
291083,10/08/2006,20/09/2012,PN2
291083,10/08/2006,08/10/2012,PN5
291083,10/08/2006,07/12/2014,PN1
291083,10/08/2006,24/05/2015,PN0
291083,10/08/2006,28/02/2021,PN7
291083,10/08/2006,19/01/2022,PN4
673034,12/02/2008,13/01/2012,PN7
673034,12/02/2008,12/08/2012,PN0
673034,12/02/2008,15/08/2013,PN4
673034,12/02/2008,28/08/2020,PN4
5955,19/08/2009,04/02/2021,PN6
99273,03/07/2005,13/03/2017,PN5
99273,03/07/2005,23/02/2018,PN0
99273,03/07/2005,26/03/2019,PN7
99273,03/07/2005,07/06/2020,PN2
775675,02/04/2006,28/02/2015,PN4
775675,02/04/2006,30/04/2015,PN2
775675,02/04/2006,18/08/2015,PN5
775675,02/04/2006,29/04/2017,PN1
775675,02/04/2006,24/10/2018,PN5
775675,02/04/2006,04/12/2018,PN1
775675,02/04/2006,16/11/2019,PN7
775675,02/04/2006,27/05/2020,PN4
610489,24/05/2006,28/04/2013,PN2
610489,24/05/2006,10/06/2013,PN1
610489,24/05/2006,29/03/2014,PN5
610489,24/05/2006,01/11/2016,PN2
610489,24/05/2006,12/11/2016,PN1
610489,24/05/2006,26/11/2018,PN3
610489,24/05/2006,30/11/2020,PN7
719836,30/07/2005,06/05/2017,PN5
719836,30/07/2005,09/06/2017,PN6
719836,30/07/2005,03/01/2018,PN3
991189,20/05/2006,27/01/2011,PN4
991189,20/05/2006,28/06/2013,PN4
991189,20/05/2006,16/08/2013,PN0
991189,20/05/2006,04/04/2014,PN7
991189,20/05/2006,18/06/2015,PN2
991189,20/05/2006,23/11/2020,PN4
991189,20/05/2006,20/05/2022,PN5
991189,20/05/2006,09/06/2022,PN4
472130,04/02/2004,28/05/2016,PN5
472130,04/02/2004,03/10/2018,PN0
472130,04/02/2004,08/11/2018,PN5
472130,04/02/2004,03/12/2018,PN1
472130,04/02/2004,03/01/2019,PN6
472130,04/02/2004,04/06/2019,PN6
472130,04/02/2004,30/01/2020,PN4
472130,04/02/2004,20/09/2021,PN0
210846,09/11/2007,13/11/2013,PN0
210846,09/11/2007,10/11/2014,PN6
210846,09/11/2007,21/03/2013,PN6
210846,09/11/2007,17/04/2013,PN0
210846,09/11/2007,17/07/2013,PN0
210846,09/11/2007,31/07/2014,PN6
210846,09/11/2007,13/12/2014,PN1
210846,09/11/2007,15/11/2021,PN0
210846,09/11/2007,20/07/2023,PN6
187276,02/09/2006,05/10/2013,PN1
187276,02/09/2006,13/11/2013,PN5
187276,02/09/2006,24/07/2014,PN3
187276,02/09/2006,15/12/2015,PN0
187276,02/09/2006,04/09/2017,PN1
187276,02/09/2006,29/08/2020,PN4
70974,22/12/2008,23/03/2019,PN4
70974,22/12/2008,15/09/2019,PN5
70974,22/12/2008,08/09/2021,PN6
489455,31/08/2008,06/07/2016,PN4
489455,31/08/2008,14/05/2018,PN2
489455,31/08/2008,25/05/2018,PN1
489455,31/08/2008,13/09/2018,PN3
489455,31/08/2008,18/08/2019,PN6
489455,31/08/2008,28/04/2020,PN2
489455,31/08/2008,17/06/2020,PN5
489455,31/08/2008,09/10/2020,PN4
489455,31/08/2008,13/07/2021,PN4
489455,31/08/2008,13/07/2023,PN1
359195,09/02/2009,14/01/2016,PN1
359195,09/02/2009,10/07/2018,PN3
359195,09/02/2009,01/12/2018,PN0
359195,09/02/2009,26/12/2018,PN0
359195,09/02/2009,03/02/2019,PN5
359195,09/02/2009,25/03/2019,PN7
359195,09/02/2009,16/07/2019,PN5
359195,09/02/2009,07/09/2020,PN2
359195,09/02/2009,11/12/2020,PN6
418846,26/08/2009,22/02/2019,PN0
418846,26/08/2009,25/06/2019,PN4
418846,26/08/2009,23/08/2021,PN3
893365,06/09/2003,10/10/2017,PN3
893365,06/09/2003,14/02/2018,PN7
893365,06/09/2003,23/11/2019,PN7
893365,06/09/2003,10/06/2020,PN0
893365,06/09/2003,21/12/2020,PN6
893365,06/09/2003,20/08/2021,PN6
831429,26/12/2009,06/10/2013,PN7
831429,26/12/2009,17/03/2015,PN3
831429,26/12/2009,07/09/2015,PN6
831429,26/12/2009,09/08/2016,PN5
831429,26/12/2009,12/06/2018,PN4
831429,26/12/2009,13/10/2018,PN4
831429,26/12/2009,18/06/2019,PN3
831429,26/12/2009,06/06/2020,PN2
831429,26/12/2009,07/09/2021,PN1
411707,28/10/2008,20/01/2013,PN0
411707,28/10/2008,11/04/2015,PN7
411707,28/10/2008,18/09/2016,PN7
411707,28/10/2008,21/10/2016,PN1
411707,28/10/2008,15/11/2016,PN7
411707,28/10/2008,30/03/2017,PN6
411707,28/10/2008,13/07/2017,PN3
411707,28/10/2008,22/07/2017,PN3
411707,28/10/2008,05/08/2017,PN1
411707,28/10/2008,27/08/2017,PN5
411707,28/10/2008,11/11/2017,PN0
411707,28/10/2008,02/03/2018,PN4
411707,28/10/2008,18/06/2018,PN5
411707,28/10/2008,31/10/2019,PN0
411707,28/10/2008,10/07/2020,PN5
411707,28/10/2008,16/09/2020,PN3
411707,28/10/2008,23/10/2020,PN4
414521,14/10/2009,15/12/2013,PN5
414521,14/10/2009,15/12/2014,PN4
414521,14/10/2009,22/12/2014,PN3
414521,14/10/2009,24/01/2017,PN3
414521,14/10/2009,06/03/2017,PN3
414521,14/10/2009,15/11/2017,PN5
414521,14/10/2009,16/12/2018,PN3
414521,14/10/2009,17/12/2018,PN0
414521,14/10/2009,01/02/2019,PN3
414521,14/10/2009,01/04/2019,PN7
414521,14/10/2009,10/12/2019,PN2
414521,14/10/2009,11/12/2019,PN1
414521,14/10/2009,15/07/2020,PN0
414521,14/10/2009,02/10/2020,PN2
414521,14/10/2009,20/12/2021,PN1
414521,14/10/2009,13/08/2022,PN3
414521,14/10/2009,10/10/2022,PN0
414521,14/10/2009,02/04/2023,PN5
414521,14/10/2009,11/09/2023,PN0
414521,14/10/2009,10/02/2025,PN2
414521,14/10/2009,23/10/2026,PN6
414521,14/10/2009,09/11/2026,PN5
414521,14/10/2009,06/10/2027,PN0
388154,11/06/2008,16/07/2017,PN6
388154,11/06/2008,02/08/2017,PN1
388154,11/06/2008,24/11/2017,PN4
388154,11/06/2008,23/12/2019,PN2
388154,11/06/2008,26/12/2019,PN2
279660,09/02/2009,17/05/2016,PN4
279660,09/02/2009,30/06/2016,PN5
279660,09/02/2009,10/03/2017,PN7
629831,04/10/2007,19/10/2017,PN5
629831,04/10/2007,13/05/2018,PN4
629831,04/10/2007,11/10/2019,PN0
629831,04/10/2007,29/11/2019,PN1
629831,04/10/2007,13/06/2021,PN4
629831,04/10/2007,08/07/2021,PN7
629831,04/10/2007,18/04/2023,PN0
629831,04/10/2007,17/09/2023,PN6
629831,04/10/2007,28/03/2025,PN1
63975,09/12/2006,13/01/2012,PN6
63975,09/12/2006,26/01/2021,PN1
63975,09/12/2006,04/06/2021,PN3
460752,14/11/2008,10/11/2017,PN3
425538,23/08/2009,27/04/2016,PN5
425538,23/08/2009,13/04/2021,PN5
164592,03/10/2004,24/10/2018,PN6
164592,03/10/2004,05/03/2019,PN2
164592,03/10/2004,12/04/2020,PN7
164592,03/10/2004,23/09/2020,PN1
164592,03/10/2004,12/02/2021,PN3
164592,03/10/2004,24/07/2021,PN1
164592,03/10/2004,05/12/2021,PN0
838434,12/07/2006,11/08/2016,PN6
838434,12/07/2006,16/06/2018,PN6
838434,12/07/2006,19/06/2018,PN4
838434,12/07/2006,05/11/2020,PN6
838434,12/07/2006,22/12/2020,PN4
294875,01/03/2004,02/10/2015,PN3
294875,01/03/2004,18/06/2016,PN5
294875,01/03/2004,21/09/2016,PN0
294875,01/03/2004,13/05/2017,PN2
294875,01/03/2004,16/01/2018,PN3
294875,01/03/2004,15/03/2018,PN7
294875,01/03/2004,29/07/2018,PN7
294875,01/03/2004,10/09/2018,PN0
294875,01/03/2004,17/05/2019,PN5
294875,01/03/2004,07/04/2020,PN4
294875,01/03/2004,03/10/2021,PN4
294875,01/03/2004,13/11/2021,PN2
895808,26/01/2009,25/08/2012,PN7
895808,26/01/2009,29/08/2012,PN5
895808,26/01/2009,28/09/2012,PN1
895808,26/01/2009,19/10/2012,PN5
895808,26/01/2009,15/10/2013,PN4
895808,26/01/2009,09/01/2014,PN1
895808,26/01/2009,22/05/2014,PN4
895808,26/01/2009,05/03/2015,PN4
895808,26/01/2009,29/06/2015,PN3
895808,26/01/2009,23/12/2016,PN3
895808,26/01/2009,19/09/2018,PN5
895808,26/01/2009,13/05/2021,PN4
895808,26/01/2009,08/09/2021,PN6
895808,26/01/2009,30/10/2022,PN0
895808,26/01/2009,16/08/2023,PN5
895808,26/01/2009,21/01/2024,PN4
895808,26/01/2009,24/04/2024,PN0
895808,26/01/2009,01/07/2024,PN2
546571,04/05/2003,08/06/2019,PN6
546571,04/05/2003,03/06/2020,PN3
275069,21/02/2008,03/01/2015,PN4
275069,21/02/2008,23/02/2015,PN6
275069,21/02/2008,10/03/2016,PN2
275069,21/02/2008,02/05/2017,PN2
275069,21/02/2008,10/05/2017,PN3
275069,21/02/2008,29/10/2017,PN1
275069,21/02/2008,30/04/2018,PN5
275069,21/02/2008,11/03/2019,PN3
275069,21/02/2008,20/03/2020,PN4
275069,21/02/2008,22/05/2020,PN0
216649,22/04/2004,26/10/2019,PN0
216649,22/04/2004,10/05/2020,PN3
216649,22/04/2004,14/01/2022,PN2
755819,30/08/2008,26/11/2016,PN5
755819,30/08/2008,07/01/2017,PN5
755819,30/08/2008,20/03/2017,PN3
755819,30/08/2008,12/09/2017,PN2
755819,30/08/2008,15/10/2017,PN3
755819,30/08/2008,30/04/2022,PN4
755819,30/08/2008,27/01/2023,PN0
755819,30/08/2008,29/06/2020,PN1
755819,30/08/2008,06/11/2020,PN2
755819,30/08/2008,28/11/2020,PN7
755819,30/08/2008,03/12/2020,PN6
970280,02/07/2007,05/05/2013,PN4
970280,02/07/2007,24/06/2017,PN3
970280,02/07/2007,01/11/2019,PN0
970280,02/07/2007,31/01/2020,PN5
970280,02/07/2007,02/09/2021,PN0
970280,02/07/2007,15/06/2022,PN7
948155,25/11/2006,10/05/2015,PN1
948155,25/11/2006,10/07/2016,PN5
948155,25/11/2006,06/09/2016,PN1
948155,25/11/2006,18/03/2017,PN2
948155,25/11/2006,11/06/2020,PN2
397023,24/02/2003,10/11/2014,PN4
397023,24/02/2003,19/09/2015,PN7
397023,24/02/2003,15/10/2015,PN3
397023,24/02/2003,23/06/2016,PN7
397023,24/02/2003,16/08/2016,PN1
397023,24/02/2003,03/12/2017,PN7
397023,24/02/2003,21/01/2018,PN5
397023,24/02/2003,17/09/2018,PN5
397023,24/02/2003,03/08/2019,PN6
422617,08/07/2005,23/05/2015,PN5
422617,08/07/2005,30/08/2015,PN0
422617,08/07/2005,16/07/2016,PN6
422617,08/07/2005,21/07/2016,PN2
422617,08/07/2005,10/02/2017,PN2
422617,08/07/2005,08/10/2017,PN3
422617,08/07/2005,23/05/2020,PN4
422617,08/07/2005,11/01/2021,PN7
422617,08/07/2005,20/03/2021,PN2
422617,08/07/2005,15/05/2021,PN3
422617,08/07/2005,28/06/2021,PN2
536218,25/07/2009,16/03/2021,PN7
536218,25/07/2009,06/07/2021,PN3
536218,25/07/2009,31/07/2021,PN1
536218,25/07/2009,23/04/2022,PN1
871945,22/01/2006,26/11/2016,PN7
871945,22/01/2006,05/06/2017,PN6
871945,22/01/2006,01/08/2017,PN7
871945,22/01/2006,07/04/2018,PN0
871945,22/01/2006,01/09/2019,PN0
871945,22/01/2006,19/06/2020,PN3
92150,31/07/2008,14/03/2017,PN0
92150,31/07/2008,19/05/2020,PN4
92150,31/07/2008,29/06/2020,PN0
92150,31/07/2008,28/11/2020,PN4
92150,31/07/2008,21/12/2020,PN5
92150,31/07/2008,30/06/2021,PN6
92150,31/07/2008,27/04/2016,PN4
92150,31/07/2008,10/09/2016,PN6
92150,31/07/2008,11/01/2017,PN6
719756,27/03/2008,11/07/2017,PN2
719756,27/03/2008,05/09/2017,PN4
719756,27/03/2008,06/09/2018,PN2
719756,27/03/2008,02/01/2020,PN6
719756,27/03/2008,29/01/2020,PN0
719756,27/03/2008,05/02/2021,PN7
719756,27/03/2008,10/08/2021,PN2
719756,27/03/2008,03/04/2022,PN0
719756,27/03/2008,13/02/2024,PN0
719756,27/03/2008,11/06/2024,PN1
533989,27/11/2002,24/02/2014,PN0
533989,27/11/2002,07/04/2017,PN3
533989,27/11/2002,28/07/2019,PN7
533989,27/11/2002,22/08/2020,PN0
731704,31/12/2007,01/06/2012,PN0
731704,31/12/2007,10/07/2012,PN6
731704,31/12/2007,26/12/2012,PN5
731704,31/12/2007,06/03/2013,PN4
731704,31/12/2007,22/04/2014,PN4
731704,31/12/2007,06/06/2014,PN7
731704,31/12/2007,12/11/2014,PN5
731704,31/12/2007,30/09/2015,PN2
731704,31/12/2007,28/10/2016,PN2
731704,31/12/2007,25/02/2017,PN5
731704,31/12/2007,20/09/2018,PN0
731704,31/12/2007,21/06/2020,PN6
731704,31/12/2007,01/03/2021,PN2
731704,31/12/2007,20/10/2021,PN3
731704,31/12/2007,05/02/2022,PN6
236096,28/11/2008,26/09/2018,PN0
236096,28/11/2008,08/12/2018,PN4
236096,28/11/2008,24/02/2019,PN4
236096,28/11/2008,13/05/2019,PN6
236096,28/11/2008,23/12/2019,PN0
236096,28/11/2008,22/01/2020,PN7
236096,28/11/2008,21/05/2021,PN2
236096,28/11/2008,06/07/2021,PN5
146596,04/11/2003,15/09/2019,PN4
146596,04/11/2003,13/02/2020,PN4
46269,23/11/2009,26/05/2017,PN4
46269,23/11/2009,19/03/2018,PN1
46269,23/11/2009,27/04/2018,PN7
46269,23/11/2009,05/05/2018,PN0
46269,23/11/2009,20/01/2019,PN5
46269,23/11/2009,14/07/2019,PN0
46269,23/11/2009,16/04/2020,PN4
46269,23/11/2009,02/09/2020,PN6
46269,23/11/2009,22/10/2020,PN3
46269,23/11/2009,24/02/2021,PN5
46269,23/11/2009,21/01/2022,PN7
905870,24/05/2002,05/11/2013,PN5
905870,24/05/2002,22/03/2015,PN4
905870,24/05/2002,09/06/2015,PN7
905870,24/05/2002,08/08/2015,PN2
905870,24/05/2002,12/09/2015,PN6
905870,24/05/2002,11/03/2018,PN1
905870,24/05/2002,18/04/2019,PN2
905870,24/05/2002,27/09/2019,PN0
278501,20/01/2009,08/03/2018,PN6
278501,20/01/2009,06/11/2021,PN1
278501,20/01/2009,15/02/2022,PN1
278501,20/01/2009,26/09/2023,PN0
278501,20/01/2009,28/01/2024,PN6
140302,16/03/2004,04/10/2017,PN1
140302,16/03/2004,21/07/2018,PN2
140302,16/03/2004,29/03/2020,PN7
140302,16/03/2004,24/04/2020,PN1
140302,16/03/2004,06/05/2020,PN5
140302,16/03/2004,17/10/2020,PN3
140302,16/03/2004,28/10/2020,PN0
140302,16/03/2004,10/04/2021,PN3
140302,16/03/2004,25/07/2021,PN7
122983,09/03/2006,06/08/2017,PN4
122983,09/03/2006,17/01/2019,PN6
122983,09/03/2006,25/09/2019,PN3
433741,05/09/2007,24/02/2015,PN5
433741,05/09/2007,04/12/2015,PN2
433741,05/09/2007,08/06/2019,PN5
433741,05/09/2007,04/07/2019,PN1
433741,05/09/2007,14/02/2020,PN1
433741,05/09/2007,23/12/2020,PN5
109036,22/09/2004,05/08/2011,PN0
109036,22/09/2004,27/09/2011,PN0
109036,22/09/2004,01/02/2013,PN3
109036,22/09/2004,04/12/2014,PN7
109036,22/09/2004,26/07/2016,PN2
109036,22/09/2004,04/01/2017,PN1
109036,22/09/2004,06/03/2017,PN5
109036,22/09/2004,17/03/2018,PN3
109036,22/09/2004,29/08/2018,PN2
109036,22/09/2004,15/06/2020,PN1
109036,22/09/2004,09/11/2020,PN7
519059,14/08/2005,11/04/2016,PN7
519059,14/08/2005,23/08/2016,PN2
519059,14/08/2005,18/01/2017,PN5
519059,14/08/2005,19/03/2017,PN3
519059,14/08/2005,28/04/2017,PN0
519059,14/08/2005,29/05/2019,PN5
127822,14/01/2007,15/09/2013,PN5
127822,14/01/2007,03/06/2014,PN6
127822,14/01/2007,15/11/2015,PN1
127822,14/01/2007,05/01/2018,PN5
127822,14/01/2007,24/02/2019,PN3
127822,14/01/2007,30/08/2021,PN5
720102,07/09/2007,21/01/2015,PN7
720102,07/09/2007,16/02/2018,PN0
720102,07/09/2007,03/12/2018,PN5
720102,07/09/2007,15/06/2019,PN2
720102,07/09/2007,10/07/2020,PN2
986890,23/10/2003,29/01/2013,PN1
986890,23/10/2003,27/02/2014,PN1
986890,23/10/2003,23/09/2014,PN4
986890,23/10/2003,02/04/2015,PN3
986890,23/10/2003,29/11/2015,PN1
986890,23/10/2003,10/09/2017,PN6
986890,23/10/2003,05/02/2018,PN4
986890,23/10/2003,08/03/2018,PN3
986890,23/10/2003,30/05/2018,PN2
986890,23/10/2003,09/07/2018,PN0
986890,23/10/2003,23/09/2018,PN1
986890,23/10/2003,16/03/2019,PN2
986890,23/10/2003,29/09/2019,PN1
986890,23/10/2003,26/01/2021,PN4
986890,23/10/2003,14/03/2021,PN1
986890,23/10/2003,11/04/2021,PN2
625004,15/03/2008,06/05/2018,PN1
625004,15/03/2008,10/05/2018,PN0
625004,15/03/2008,22/06/2018,PN2
625004,15/03/2008,21/06/2020,PN1
625004,15/03/2008,25/06/2020,PN2
625004,15/03/2008,14/07/2020,PN3
625004,15/03/2008,26/07/2020,PN1
625004,15/03/2008,15/11/2020,PN0
625004,15/03/2008,03/03/2021,PN6
625004,15/03/2008,24/03/2021,PN4
625004,15/03/2008,27/03/2021,PN0
951716,01/02/2007,10/01/2017,PN0
951716,01/02/2007,07/04/2017,PN1
951716,01/02/2007,14/11/2018,PN7
951716,01/02/2007,07/04/2019,PN3
951716,01/02/2007,09/03/2020,PN4
951716,01/02/2007,05/05/2020,PN3
951716,01/02/2007,24/06/2023,PN4
951716,01/02/2007,20/07/2023,PN7
601190,03/04/2007,24/05/2015,PN0
601190,03/04/2007,30/04/2016,PN7
601190,03/04/2007,08/03/2017,PN7
601190,03/04/2007,05/05/2017,PN1
601190,03/04/2007,29/11/2018,PN4
601190,03/04/2007,05/02/2020,PN7
601190,03/04/2007,30/06/2020,PN7
601190,03/04/2007,04/03/2019,PN2
601190,03/04/2007,07/06/2020,PN0
871541,22/08/2009,31/07/2017,PN7
871541,22/08/2009,04/11/2017,PN4
871541,22/08/2009,25/10/2018,PN4
871541,22/08/2009,28/02/2019,PN2
871541,22/08/2009,10/08/2020,PN1
871541,22/08/2009,23/11/2020,PN1
871541,22/08/2009,17/06/2022,PN0
871541,22/08/2009,20/03/2023,PN2
871541,22/08/2009,12/04/2025,PN1
871541,22/08/2009,16/05/2025,PN6
871541,22/08/2009,08/11/2025,PN7
871541,22/08/2009,23/05/2027,PN5
948010,18/11/2006,19/01/2016,PN2
948010,18/11/2006,13/11/2016,PN7
948010,18/11/2006,01/02/2018,PN3
948010,18/11/2006,08/02/2019,PN4
948010,18/11/2006,06/11/2019,PN2
948010,18/11/2006,26/01/2020,PN5
948010,18/11/2006,07/04/2020,PN0
948010,18/11/2006,08/10/2021,PN5
948010,18/11/2006,21/04/2022,PN6
948010,18/11/2006,27/08/2022,PN4
948010,18/11/2006,06/12/2022,PN5
948010,18/11/2006,09/04/2023,PN4
948010,18/11/2006,17/11/2023,PN2
948010,18/11/2006,27/07/2024,PN6
992331,05/01/2006,16/06/2016,PN4
992331,05/01/2006,11/08/2016,PN1
992331,05/01/2006,07/10/2016,PN4
992331,05/01/2006,31/01/2018,PN5
992331,05/01/2006,03/05/2019,PN5
992331,05/01/2006,30/09/2019,PN7
992331,05/01/2006,24/12/2019,PN5
992331,05/01/2006,11/02/2020,PN3
992331,05/01/2006,04/06/2023,PN5
647811,24/05/2006,11/04/2016,PN4
647811,24/05/2006,06/12/2016,PN5
647811,24/05/2006,16/12/2016,PN5
647811,24/05/2006,05/11/2017,PN1
647811,24/05/2006,28/08/2018,PN0
647811,24/05/2006,03/10/2018,PN2
647811,24/05/2006,01/04/2024,PN3
109200,09/08/2008,23/05/2018,PN2
109200,09/08/2008,26/06/2019,PN5
109200,09/08/2008,19/07/2019,PN1
109200,09/08/2008,30/08/2019,PN7
109200,09/08/2008,08/04/2020,PN1
109200,09/08/2008,12/08/2020,PN5
109200,09/08/2008,30/08/2020,PN3
109200,09/08/2008,12/09/2020,PN6
109200,09/08/2008,26/04/2024,PN1
109200,09/08/2008,14/03/2025,PN3
583209,02/07/2009,15/07/2015,PN3
583209,02/07/2009,18/08/2015,PN4
583209,02/07/2009,05/12/2015,PN6
583209,02/07/2009,27/10/2016,PN2
583209,02/07/2009,15/10/2017,PN4
583209,02/07/2009,02/02/2020,PN2
583209,02/07/2009,14/03/2020,PN0
583209,02/07/2009,04/11/2020,PN4
582902,13/02/2006,14/09/2015,PN5
582902,13/02/2006,04/01/2016,PN4
582902,13/02/2006,30/03/2017,PN6
582902,13/02/2006,06/01/2018,PN5
582902,13/02/2006,04/05/2018,PN7
582902,13/02/2006,09/06/2018,PN3
582902,13/02/2006,30/07/2018,PN1
582902,13/02/2006,04/01/2019,PN7
582902,13/02/2006,13/03/2019,PN4
582902,13/02/2006,23/07/2020,PN3
73142,14/04/2006,24/04/2017,PN6
73142,14/04/2006,30/06/2017,PN4
73142,14/04/2006,14/10/2019,PN3
893776,03/11/2002,06/10/2017,PN0
893776,03/11/2002,05/02/2019,PN2
893776,03/11/2002,15/02/2019,PN3
893776,03/11/2002,22/03/2019,PN3
893776,03/11/2002,20/07/2019,PN1
978638,03/02/2005,24/05/2012,PN0
978638,03/02/2005,19/04/2013,PN0
978638,03/02/2005,02/06/2017,PN2
978638,03/02/2005,04/05/2018,PN5
978638,03/02/2005,14/01/2020,PN3
978638,03/02/2005,22/11/2020,PN4
978638,03/02/2005,28/07/2021,PN2
617686,28/11/2006,24/01/2013,PN1
617686,28/11/2006,29/11/2016,PN2
617686,28/11/2006,13/12/2019,PN1
19259,08/08/2007,08/05/2019,PN7
19259,08/08/2007,17/11/2019,PN4
19259,08/08/2007,10/07/2020,PN5
19259,08/08/2007,10/10/2020,PN6
326293,28/08/2009,29/10/2011,PN2
326293,28/08/2009,10/04/2013,PN0
326293,28/08/2009,15/01/2015,PN3
326293,28/08/2009,25/10/2015,PN5
326293,28/08/2009,11/02/2017,PN6
326293,28/08/2009,17/03/2022,PN7
326293,28/08/2009,17/07/2022,PN7
326293,28/08/2009,09/08/2023,PN6
326293,28/08/2009,27/12/2023,PN5
326293,28/08/2009,30/05/2024,PN0
549023,05/07/2005,09/08/2018,PN1
549023,05/07/2005,08/09/2022,PN3
549023,05/07/2005,15/03/2023,PN3
118889,16/06/2004,14/10/2016,PN4
118889,16/06/2004,21/11/2016,PN7
118889,16/06/2004,06/01/2018,PN0
118889,16/06/2004,22/06/2018,PN7
118889,16/06/2004,18/08/2019,PN1
118889,16/06/2004,24/12/2019,PN1
118889,16/06/2004,18/08/2020,PN4
681893,14/10/2005,26/05/2019,PN1
306870,26/10/2003,12/03/2012,PN5
306870,26/10/2003,06/07/2012,PN6
306870,26/10/2003,12/07/2012,PN7
306870,26/10/2003,28/07/2012,PN6
306870,26/10/2003,18/03/2015,PN1
306870,26/10/2003,13/12/2016,PN0
306870,26/10/2003,18/09/2017,PN0
306870,26/10/2003,28/09/2017,PN0
306870,26/10/2003,12/01/2019,PN3
306870,26/10/2003,26/03/2020,PN7
306870,26/10/2003,01/07/2020,PN4
729233,07/12/2007,06/11/2010,PN7
729233,07/12/2007,15/12/2010,PN7
729233,07/12/2007,24/05/2011,PN1
729233,07/12/2007,16/06/2011,PN2
729233,07/12/2007,05/09/2011,PN5
729233,07/12/2007,10/01/2017,PN0
729233,07/12/2007,20/07/2017,PN3
729233,07/12/2007,05/05/2018,PN1
729233,07/12/2007,23/01/2019,PN0
729233,07/12/2007,28/08/2019,PN0
729233,07/12/2007,03/03/2020,PN3
729233,07/12/2007,12/04/2020,PN4
729233,07/12/2007,19/01/2022,PN0
729233,07/12/2007,08/04/2022,PN6
729233,07/12/2007,22/04/2023,PN2
729233,07/12/2007,05/05/2024,PN2
357220,30/07/2005,22/06/2021,PN2
840802,02/12/2005,26/08/2015,PN0
840802,02/12/2005,24/08/2017,PN1
840802,02/12/2005,12/09/2017,PN2
840802,02/12/2005,08/10/2018,PN2
840802,02/12/2005,22/01/2019,PN4
840802,02/12/2005,12/06/2019,PN0
840802,02/12/2005,05/05/2021,PN6
952289,15/02/2009,16/02/2014,PN7
952289,15/02/2009,24/06/2014,PN1
952289,15/02/2009,20/09/2014,PN7
952289,15/02/2009,08/01/2015,PN7
952289,15/02/2009,06/04/2016,PN2
952289,15/02/2009,16/08/2016,PN0
952289,15/02/2009,08/02/2018,PN2
952289,15/02/2009,22/03/2018,PN6
952289,15/02/2009,05/06/2019,PN6
952289,15/02/2009,18/09/2019,PN0
952289,15/02/2009,15/02/2020,PN5
952289,15/02/2009,12/04/2020,PN4
530282,29/04/2007,12/05/2019,PN3
530282,29/04/2007,20/02/2021,PN1
530282,29/04/2007,01/08/2024,PN0
584671,06/08/2008,06/06/2015,PN4
584671,06/08/2008,05/05/2016,PN3
584671,06/08/2008,05/03/2019,PN6
584671,06/08/2008,09/06/2019,PN0
584671,06/08/2008,02/10/2019,PN5
584671,06/08/2008,21/02/2020,PN5
584671,06/08/2008,31/03/2020,PN4
584671,06/08/2008,06/06/2020,PN1
584671,06/08/2008,19/06/2020,PN4
584671,06/08/2008,18/02/2024,PN5
584671,06/08/2008,31/10/2024,PN1
673935,11/11/2007,19/02/2014,PN5
673935,11/11/2007,03/06/2014,PN3
673935,11/11/2007,08/02/2016,PN6
673935,11/11/2007,03/10/2018,PN7
673935,11/11/2007,22/03/2020,PN3
198564,24/10/2005,07/06/2017,PN5
198564,24/10/2005,27/11/2018,PN1
198564,24/10/2005,22/05/2019,PN4
373218,06/08/2009,23/08/2017,PN6
373218,06/08/2009,29/05/2019,PN2
373218,06/08/2009,20/07/2019,PN6
373218,06/08/2009,17/12/2023,PN5
373218,06/08/2009,11/10/2024,PN4
289121,09/10/2006,24/07/2017,PN4
289121,09/10/2006,16/10/2017,PN7
289121,09/10/2006,13/03/2018,PN4
289121,09/10/2006,17/06/2019,PN2
289121,09/10/2006,28/09/2020,PN4
289121,09/10/2006,03/01/2021,PN4
289121,09/10/2006,18/01/2021,PN2
482840,14/01/2005,23/08/2014,PN0
482840,14/01/2005,05/08/2015,PN0
482840,14/01/2005,23/09/2016,PN4
482840,14/01/2005,09/10/2016,PN5
482840,14/01/2005,11/05/2017,PN2
482840,14/01/2005,01/08/2017,PN6
482840,14/01/2005,20/01/2019,PN4
482840,14/01/2005,24/02/2019,PN0
482840,14/01/2005,03/01/2022,PN4
850847,05/10/2003,17/07/2011,PN6
850847,05/10/2003,18/07/2011,PN5
850847,05/10/2003,28/08/2011,PN0
850847,05/10/2003,31/05/2012,PN7
850847,05/10/2003,04/04/2014,PN3
850847,05/10/2003,03/12/2015,PN1
850847,05/10/2003,14/02/2017,PN3
850847,05/10/2003,21/02/2017,PN1
850847,05/10/2003,14/03/2017,PN0
355602,13/02/2004,09/12/2015,PN7
355602,13/02/2004,18/12/2015,PN4
355602,13/02/2004,10/08/2016,PN1
355602,13/02/2004,09/03/2017,PN1
355602,13/02/2004,12/11/2018,PN6
355602,13/02/2004,23/12/2020,PN2
311063,28/05/2009,09/03/2015,PN3
311063,28/05/2009,29/05/2016,PN6
311063,28/05/2009,27/09/2016,PN4
311063,28/05/2009,19/06/2017,PN3
311063,28/05/2009,05/11/2018,PN3
311063,28/05/2009,14/09/2019,PN6
311063,28/05/2009,09/08/2020,PN6
218168,11/07/2004,23/01/2018,PN3
218168,11/07/2004,02/09/2018,PN1
218168,11/07/2004,12/09/2018,PN7
218168,11/07/2004,15/10/2018,PN5
218168,11/07/2004,02/12/2019,PN3
711540,30/03/2004,21/09/2020,PN2
737726,17/05/2008,26/09/2018,PN5
737726,17/05/2008,29/11/2018,PN3
737726,17/05/2008,16/01/2020,PN1
737726,17/05/2008,23/01/2020,PN1
737726,17/05/2008,11/07/2020,PN3
648057,28/06/2009,10/01/2015,PN0
648057,28/06/2009,15/05/2015,PN3
648057,28/06/2009,19/10/2016,PN5
648057,28/06/2009,04/12/2016,PN5
648057,28/06/2009,28/11/2018,PN6
648057,28/06/2009,01/07/2021,PN2
648057,28/06/2009,12/03/2022,PN1
866837,27/09/2002,29/01/2017,PN3
866837,27/09/2002,10/02/2017,PN2
866837,27/09/2002,17/11/2019,PN5
694922,19/07/2002,16/08/2017,PN1
694922,19/07/2002,25/08/2018,PN2
694922,19/07/2002,18/03/2020,PN3
793347,17/10/2003,14/05/2018,PN0
793347,17/10/2003,10/11/2018,PN4
793347,17/10/2003,29/08/2019,PN1
793347,17/10/2003,30/04/2020,PN6
793347,17/10/2003,20/03/2021,PN5
255201,23/11/2007,08/06/2018,PN2
255201,23/11/2007,02/10/2019,PN5
928597,29/07/2007,12/11/2019,PN7
928597,29/07/2007,29/03/2020,PN7
928597,29/07/2007,09/11/2020,PN3
928597,29/07/2007,05/08/2021,PN6
262711,14/09/2007,06/05/2012,PN3
262711,14/09/2007,01/01/2014,PN2
262711,14/09/2007,29/03/2014,PN4
262711,14/09/2007,19/12/2014,PN1
262711,14/09/2007,09/07/2016,PN1
262711,14/09/2007,21/09/2017,PN2
262711,14/09/2007,01/10/2019,PN1
262711,14/09/2007,14/06/2022,PN4
262711,14/09/2007,17/10/2022,PN3
262711,14/09/2007,17/08/2023,PN3
693410,24/12/2003,24/11/2014,PN3
693410,24/12/2003,24/12/2014,PN4
693410,24/12/2003,22/06/2015,PN1
693410,24/12/2003,31/07/2015,PN0
693410,24/12/2003,28/12/2016,PN5
693410,24/12/2003,10/11/2017,PN3
693410,24/12/2003,09/11/2018,PN6
693410,24/12/2003,12/11/2020,PN2
693410,24/12/2003,12/09/2021,PN4
266902,02/05/2004,26/10/2015,PN3
266902,02/05/2004,22/12/2015,PN2
266902,02/05/2004,01/12/2016,PN3
266902,02/05/2004,06/04/2017,PN2
266902,02/05/2004,10/01/2018,PN1
266902,02/05/2004,27/06/2018,PN1
266902,02/05/2004,12/01/2020,PN5
266902,02/05/2004,10/03/2021,PN1
214178,12/09/2002,18/12/2019,PN6
214178,12/09/2002,09/02/2020,PN3
214178,12/09/2002,14/07/2020,PN1
214178,12/09/2002,22/07/2020,PN0
830338,24/05/2006,11/05/2015,PN2
830338,24/05/2006,23/02/2017,PN1
830338,24/05/2006,13/04/2020,PN3
830338,24/05/2006,14/05/2020,PN7
830338,24/05/2006,14/09/2020,PN3
830338,24/05/2006,26/10/2020,PN4
830338,24/05/2006,09/09/2021,PN5
632442,20/01/2005,04/09/2014,PN0
632442,20/01/2005,07/03/2015,PN5
836643,22/11/2004,24/06/2017,PN1
836643,22/11/2004,02/11/2017,PN6
836643,22/11/2004,06/03/2022,PN0
836643,22/11/2004,03/05/2022,PN0
195764,21/02/2004,13/11/2012,PN2
195764,21/02/2004,17/04/2013,PN5
195764,21/02/2004,05/05/2013,PN1
195764,21/02/2004,17/03/2015,PN7
195764,21/02/2004,09/06/2015,PN3
195764,21/02/2004,23/03/2018,PN4
195764,21/02/2004,30/05/2020,PN1
195764,21/02/2004,28/01/2021,PN7
195764,21/02/2004,23/03/2021,PN1
195764,21/02/2004,11/05/2021,PN1
195764,21/02/2004,30/07/2021,PN5
195764,21/02/2004,17/10/2021,PN5
909944,13/04/2002,07/09/2013,PN5
909944,13/04/2002,06/01/2015,PN5
909944,13/04/2002,12/12/2015,PN7
909944,13/04/2002,22/10/2016,PN0
909944,13/04/2002,28/11/2016,PN2
909944,13/04/2002,04/12/2018,PN7
909944,13/04/2002,22/10/2019,PN3
440549,03/12/2006,23/06/2015,PN3
440549,03/12/2006,23/04/2016,PN0
440549,03/12/2006,22/06/2017,PN0
440549,03/12/2006,25/12/2017,PN4
440549,03/12/2006,30/12/2018,PN5
910378,13/12/2009,27/12/2016,PN4
21847,13/02/2004,06/11/2018,PN3
21847,13/02/2004,23/08/2020,PN4
413915,01/11/2002,16/08/2016,PN3
413915,01/11/2002,14/01/2017,PN7
413915,01/11/2002,29/05/2017,PN2
413915,01/11/2002,30/06/2017,PN5
413915,01/11/2002,02/12/2017,PN3
413915,01/11/2002,15/01/2019,PN4
413915,01/11/2002,25/05/2019,PN3
413915,01/11/2002,02/08/2020,PN6
631575,22/10/2008,25/03/2018,PN4
631575,22/10/2008,06/11/2019,PN4
631575,22/10/2008,03/06/2021,PN1
631575,22/10/2008,02/11/2021,PN6
631575,22/10/2008,27/03/2022,PN1
631575,22/10/2008,11/07/2023,PN6
192668,07/07/2005,10/10/2014,PN2
192668,07/07/2005,15/04/2015,PN0
192668,07/07/2005,24/04/2015,PN5
192668,07/07/2005,04/10/2016,PN5
192668,07/07/2005,15/05/2017,PN5
192668,07/07/2005,03/05/2019,PN2
192668,07/07/2005,30/03/2020,PN5
184308,01/06/2004,15/07/2013,PN3
184308,01/06/2004,19/10/2013,PN3
184308,01/06/2004,31/10/2018,PN0
184308,01/06/2004,12/04/2020,PN3
184308,01/06/2004,15/10/2020,PN7
184308,01/06/2004,06/02/2021,PN1
393387,29/01/2006,03/10/2011,PN6
393387,29/01/2006,12/02/2016,PN3
393387,29/01/2006,20/03/2016,PN1
393387,29/01/2006,21/12/2017,PN5
393387,29/01/2006,11/05/2018,PN6
393387,29/01/2006,11/04/2019,PN4
393387,29/01/2006,19/11/2019,PN7
453572,27/06/2004,25/08/2017,PN6
453572,27/06/2004,15/09/2019,PN2
453572,27/06/2004,30/11/2019,PN3
6415,29/08/2006,31/01/2013,PN0
6415,29/08/2006,14/07/2015,PN3
6415,29/08/2006,15/03/2017,PN0
6415,29/08/2006,12/04/2018,PN6
6415,29/08/2006,05/01/2019,PN2
6415,29/08/2006,02/06/2019,PN5
6415,29/08/2006,01/02/2020,PN6
6415,29/08/2006,05/08/2022,PN4
6415,29/08/2006,30/08/2022,PN3
6415,29/08/2006,15/08/2024,PN7
629818,11/08/2002,02/08/2010,PN3
629818,11/08/2002,22/10/2013,PN0
629818,11/08/2002,16/04/2014,PN1
629818,11/08/2002,23/04/2020,PN5
648222,16/04/2003,09/05/2015,PN4
648222,16/04/2003,05/07/2016,PN0
648222,16/04/2003,11/08/2018,PN4
648222,16/04/2003,17/03/2019,PN3
648222,16/04/2003,18/10/2019,PN5
648222,16/04/2003,20/02/2020,PN5
648222,16/04/2003,05/01/2021,PN1
648222,16/04/2003,05/02/2021,PN2
380303,19/06/2005,01/10/2017,PN1
380303,19/06/2005,08/06/2019,PN1
380303,19/06/2005,18/04/2020,PN4
380303,19/06/2005,18/10/2020,PN4
380303,19/06/2005,31/01/2021,PN3
380303,19/06/2005,19/06/2021,PN4
380303,19/06/2005,19/03/2022,PN6
143799,24/02/2008,22/09/2011,PN6
143799,24/02/2008,04/11/2011,PN1
143799,24/02/2008,04/05/2011,PN3
143799,24/02/2008,04/11/2011,PN7
143799,24/02/2008,31/07/2013,PN3
143799,24/02/2008,24/10/2013,PN2
143799,24/02/2008,10/03/2014,PN5
143799,24/02/2008,13/10/2017,PN6
143799,24/02/2008,18/03/2021,PN4
143799,24/02/2008,03/08/2021,PN7
143799,24/02/2008,23/03/2022,PN7
143799,24/02/2008,08/04/2022,PN1
143799,24/02/2008,20/10/2022,PN2
101362,12/02/2008,28/01/2016,PN6
101362,12/02/2008,27/04/2016,PN4
101362,12/02/2008,17/10/2017,PN2
679728,17/05/2002,11/03/2015,PN2
679728,17/05/2002,17/10/2015,PN3
679728,17/05/2002,14/12/2016,PN4
679728,17/05/2002,29/12/2018,PN4
679728,17/05/2002,23/01/2019,PN0
679728,17/05/2002,14/03/2020,PN6
679728,17/05/2002,04/04/2020,PN2
802543,05/04/2003,26/07/2017,PN4
802543,05/04/2003,17/09/2018,PN2
802543,05/04/2003,17/09/2019,PN5
802543,05/04/2003,25/07/2020,PN6
802543,05/04/2003,29/12/2020,PN5
802543,05/04/2003,04/02/2021,PN6
612940,24/11/2005,23/12/2013,PN0
612940,24/11/2005,18/04/2014,PN6
612940,24/11/2005,01/07/2014,PN5
612940,24/11/2005,28/10/2014,PN0
612940,24/11/2005,12/02/2015,PN7
612940,24/11/2005,08/08/2015,PN1
612940,24/11/2005,25/04/2018,PN4
612940,24/11/2005,22/12/2019,PN3
717687,24/06/2004,25/07/2019,PN5
106241,24/12/2006,07/06/2016,PN5
106241,24/12/2006,28/03/2018,PN6
106241,24/12/2006,15/11/2018,PN1
106241,24/12/2006,21/10/2020,PN6
106241,24/12/2006,21/03/2022,PN5
106241,24/12/2006,05/09/2022,PN6
106241,24/12/2006,16/05/2023,PN6
106241,24/12/2006,20/11/2024,PN7
420134,01/11/2002,28/09/2015,PN7
420134,01/11/2002,06/07/2016,PN5
420134,01/11/2002,26/11/2017,PN3
420134,01/11/2002,03/01/2019,PN6
688239,09/05/2009,26/07/2018,PN4
688239,09/05/2009,12/12/2018,PN5
688239,09/05/2009,09/04/2019,PN6
688239,09/05/2009,01/09/2019,PN1
688239,09/05/2009,20/06/2020,PN4
688239,09/05/2009,10/04/2021,PN7
688239,09/05/2009,23/04/2021,PN0
688239,09/05/2009,08/07/2023,PN1
822438,26/02/2004,29/12/2015,PN7
822438,26/02/2004,01/12/2017,PN2
822438,26/02/2004,16/08/2018,PN3
822438,26/02/2004,07/08/2019,PN1
822438,26/02/2004,04/11/2019,PN1
822438,26/02/2004,18/05/2020,PN7
795289,26/03/2009,29/03/2018,PN7
795289,26/03/2009,21/02/2019,PN3
795289,26/03/2009,01/04/2019,PN5
795289,26/03/2009,12/04/2020,PN1
795289,26/03/2009,11/07/2020,PN4
795289,26/03/2009,25/11/2020,PN2
795289,26/03/2009,17/02/2021,PN7
795289,26/03/2009,19/05/2022,PN2
795289,26/03/2009,27/05/2022,PN3
479546,20/06/2004,26/06/2013,PN7
479546,20/06/2004,27/06/2015,PN4
479546,20/06/2004,13/01/2016,PN6
479546,20/06/2004,08/06/2018,PN5
479546,20/06/2004,04/07/2021,PN6
878043,13/10/2002,29/12/2013,PN4
878043,13/10/2002,22/05/2015,PN4
878043,13/10/2002,24/03/2016,PN6
878043,13/10/2002,23/08/2017,PN7
878043,13/10/2002,22/01/2018,PN1
878043,13/10/2002,09/02/2019,PN0
878043,13/10/2002,17/01/2020,PN6
836390,04/02/2006,30/04/2019,PN5
836390,04/02/2006,07/02/2020,PN4
285207,06/11/2006,01/04/2016,PN4
285207,06/11/2006,07/04/2016,PN3
285207,06/11/2006,26/05/2016,PN7
285207,06/11/2006,25/12/2017,PN3
285207,06/11/2006,17/09/2018,PN1
285207,06/11/2006,27/05/2019,PN5
285207,06/11/2006,23/10/2020,PN4
285207,06/11/2006,08/04/2021,PN4
285207,06/11/2006,24/11/2021,PN3
285207,06/11/2006,30/03/2022,PN3
285207,06/11/2006,16/02/2024,PN3
208004,10/08/2008,16/08/2013,PN4
208004,10/08/2008,03/02/2015,PN4
208004,10/08/2008,05/10/2015,PN7
208004,10/08/2008,21/01/2016,PN1
208004,10/08/2008,07/11/2017,PN1
208004,10/08/2008,06/06/2018,PN2
208004,10/08/2008,15/04/2019,PN5
208004,10/08/2008,24/11/2020,PN6
567517,12/03/2005,26/10/2016,PN3
567517,12/03/2005,19/02/2017,PN6
567517,12/03/2005,31/03/2018,PN5
567517,12/03/2005,03/08/2019,PN3
567517,12/03/2005,28/03/2020,PN0
86668,04/02/2007,26/04/2017,PN0
86668,04/02/2007,23/05/2018,PN1
86668,04/02/2007,06/06/2018,PN5
369699,10/07/2009,29/07/2015,PN0
369699,10/07/2009,02/02/2017,PN7
369699,10/07/2009,04/07/2017,PN1
369699,10/07/2009,15/03/2018,PN4
369699,10/07/2009,29/11/2018,PN3
369699,10/07/2009,13/01/2020,PN0
369699,10/07/2009,21/10/2020,PN2
369699,10/07/2009,04/08/2021,PN1
369699,10/07/2009,07/11/2021,PN2
369699,10/07/2009,23/04/2022,PN0
853697,23/09/2004,12/12/2014,PN0
853697,23/09/2004,13/02/2016,PN7
853697,23/09/2004,15/01/2017,PN3
853697,23/09/2004,03/06/2018,PN4
853697,23/09/2004,24/01/2020,PN2
853697,23/09/2004,07/05/2021,PN0
853697,23/09/2004,05/05/2022,PN1
853697,23/09/2004,19/08/2022,PN5
534492,17/08/2006,06/10/2016,PN0
534492,17/08/2006,21/01/2018,PN7
534492,17/08/2006,04/07/2018,PN2
534492,17/08/2006,11/04/2019,PN1
534492,17/08/2006,10/04/2021,PN1
534492,17/08/2006,29/04/2021,PN4
534492,17/08/2006,26/06/2022,PN1
534492,17/08/2006,29/11/2022,PN2
534492,17/08/2006,04/02/2023,PN7
534492,17/08/2006,30/07/2024,PN5
994285,13/01/2006,21/10/2012,PN0
994285,13/01/2006,29/12/2012,PN3
994285,13/01/2006,05/05/2013,PN4
994285,13/01/2006,01/10/2013,PN1
994285,13/01/2006,07/05/2018,PN5
994285,13/01/2006,14/10/2018,PN7
994285,13/01/2006,16/03/2019,PN4
994285,13/01/2006,03/07/2019,PN1
994285,13/01/2006,09/11/2019,PN6
994285,13/01/2006,10/05/2020,PN3
994285,13/01/2006,14/11/2021,PN1
994285,13/01/2006,13/02/2022,PN2
372509,23/07/2009,23/03/2018,PN4
372509,23/07/2009,30/12/2018,PN5
372509,23/07/2009,26/09/2019,PN6
372509,23/07/2009,01/01/2020,PN4
372509,23/07/2009,05/07/2020,PN2
372509,23/07/2009,07/08/2020,PN0
372509,23/07/2009,08/11/2020,PN5
372509,23/07/2009,29/03/2021,PN2
372509,23/07/2009,20/06/2021,PN2
372509,23/07/2009,12/09/2021,PN1
372509,23/07/2009,28/09/2021,PN5
655772,04/07/2005,22/08/2017,PN3
655772,04/07/2005,14/04/2019,PN4
655772,04/07/2005,19/07/2019,PN1
655772,04/07/2005,30/06/2020,PN0
163267,09/07/2007,21/11/2017,PN0
163267,09/07/2007,13/06/2019,PN1
163267,09/07/2007,18/08/2019,PN7
610919,04/06/2002,22/10/2015,PN2
610919,04/06/2002,05/01/2020,PN5
610919,04/06/2002,09/02/2020,PN5
379507,12/08/2003,04/10/2016,PN3
379507,12/08/2003,08/03/2017,PN1
379507,12/08/2003,07/06/2020,PN1
379507,12/08/2003,14/06/2020,PN3
379507,12/08/2003,24/03/2021,PN5
245022,30/05/2004,25/01/2012,PN2
245022,30/05/2004,21/05/2015,PN4
245022,30/05/2004,12/07/2016,PN0
245022,30/05/2004,03/04/2017,PN6
245022,30/05/2004,24/10/2017,PN1
245022,30/05/2004,15/05/2018,PN2
245022,30/05/2004,17/08/2021,PN1
979997,26/08/2006,26/06/2011,PN0
979997,26/08/2006,24/11/2012,PN6
979997,26/08/2006,17/12/2012,PN5
979997,26/08/2006,06/05/2013,PN1
979997,26/08/2006,09/08/2013,PN1
979997,26/08/2006,30/10/2020,PN3
979997,26/08/2006,25/02/2021,PN1
979997,26/08/2006,16/05/2021,PN7
979997,26/08/2006,18/09/2021,PN4
933360,16/06/2007,26/05/2014,PN1
933360,16/06/2007,05/07/2014,PN6
933360,16/06/2007,03/03/2015,PN4
933360,16/06/2007,17/05/2015,PN4
933360,16/06/2007,11/01/2018,PN3
933360,16/06/2007,19/09/2019,PN6
933360,16/06/2007,09/12/2019,PN4
933360,16/06/2007,05/08/2023,PN4
442704,22/09/2003,14/04/2019,PN2
442704,22/09/2003,31/05/2019,PN6
687605,19/05/2009,07/09/2015,PN1
687605,19/05/2009,08/07/2017,PN6
687605,19/05/2009,07/10/2018,PN2
687605,19/05/2009,25/03/2019,PN6
687605,19/05/2009,07/07/2020,PN0
687605,19/05/2009,07/11/2021,PN4
954202,10/09/2004,08/02/2015,PN7
954202,10/09/2004,16/05/2017,PN0
954202,10/09/2004,05/06/2019,PN0
954202,10/09/2004,14/09/2019,PN3
954202,10/09/2004,26/02/2021,PN3
221218,26/06/2006,12/10/2018,PN2
221218,26/06/2006,27/04/2019,PN1
221218,26/06/2006,21/06/2019,PN4
221218,26/06/2006,17/08/2020,PN5
362033,16/08/2004,11/07/2014,PN1
362033,16/08/2004,07/07/2015,PN4
362033,16/08/2004,16/10/2016,PN0
362033,16/08/2004,17/03/2017,PN6
362033,16/08/2004,24/09/2018,PN6
362033,16/08/2004,15/02/2019,PN4
362033,16/08/2004,26/07/2019,PN4
362033,16/08/2004,19/09/2020,PN3
34153,29/07/2008,27/01/2014,PN1
34153,29/07/2008,11/08/2015,PN2
34153,29/07/2008,20/11/2016,PN2
34153,29/07/2008,07/01/2017,PN7
34153,29/07/2008,16/04/2017,PN6
34153,29/07/2008,03/05/2017,PN2
34153,29/07/2008,12/10/2018,PN2
34153,29/07/2008,21/05/2019,PN5
34153,29/07/2008,10/01/2020,PN6
34153,29/07/2008,17/07/2020,PN3
447690,10/03/2008,11/03/2019,PN3
447690,10/03/2008,22/05/2019,PN3
447690,10/03/2008,16/07/2019,PN2
447690,10/03/2008,01/12/2019,PN2
571830,04/03/2005,26/04/2017,PN6
571830,04/03/2005,18/05/2018,PN6
571830,04/03/2005,03/09/2018,PN0
571830,04/03/2005,17/04/2019,PN5
656076,04/09/2007,10/06/2012,PN7
656076,04/09/2007,16/10/2013,PN1
656076,04/09/2007,02/07/2014,PN1
656076,04/09/2007,28/01/2015,PN0
656076,04/09/2007,05/02/2016,PN3
656076,04/09/2007,28/09/2020,PN7
656076,04/09/2007,12/12/2020,PN6
656076,04/09/2007,20/09/2021,PN4
656076,04/09/2007,14/03/2023,PN7
656076,04/09/2007,04/07/2023,PN3
159388,11/04/2005,10/02/2016,PN6
159388,11/04/2005,13/09/2016,PN2
159388,11/04/2005,09/02/2018,PN1
159388,11/04/2005,19/04/2019,PN0
159388,11/04/2005,14/07/2019,PN6
159388,11/04/2005,09/03/2020,PN4
159388,11/04/2005,26/10/2020,PN4
159388,11/04/2005,31/10/2020,PN0
266650,11/09/2006,13/09/2013,PN1
266650,11/09/2006,28/12/2013,PN5
266650,11/09/2006,12/01/2014,PN1
266650,11/09/2006,28/03/2014,PN2
266650,11/09/2006,18/06/2014,PN4
266650,11/09/2006,25/01/2015,PN1
266650,11/09/2006,11/06/2015,PN0
266650,11/09/2006,02/11/2015,PN1
266650,11/09/2006,30/09/2017,PN6
266650,11/09/2006,30/09/2018,PN0
266650,11/09/2006,06/11/2022,PN7
604407,30/05/2008,22/08/2016,PN1
604407,30/05/2008,13/04/2017,PN5
604407,30/05/2008,06/11/2017,PN0
604407,30/05/2008,12/11/2018,PN6
604407,30/05/2008,27/11/2018,PN3
604407,30/05/2008,16/07/2019,PN7
604407,30/05/2008,28/08/2019,PN3
604407,30/05/2008,08/01/2020,PN6
406846,17/04/2009,03/07/2014,PN2
406846,17/04/2009,03/03/2015,PN6
406846,17/04/2009,27/10/2016,PN6
406846,17/04/2009,05/03/2018,PN1
406846,17/04/2009,26/04/2018,PN3
406846,17/04/2009,30/05/2018,PN0
406846,17/04/2009,08/08/2018,PN1
406846,17/04/2009,10/05/2020,PN1
406846,17/04/2009,13/05/2020,PN1
406846,17/04/2009,12/03/2021,PN2
496063,04/04/2007,18/07/2014,PN0
496063,04/04/2007,01/01/2016,PN5
496063,04/04/2007,12/05/2016,PN6
496063,04/04/2007,29/10/2016,PN3
496063,04/04/2007,14/04/2017,PN1
496063,04/04/2007,25/11/2017,PN0
496063,04/04/2007,01/02/2018,PN6
496063,04/04/2007,18/09/2019,PN6
496063,04/04/2007,11/05/2021,PN5
496063,04/04/2007,01/09/2021,PN5
496063,04/04/2007,21/04/2022,PN3
814087,03/07/2007,09/12/2016,PN2
814087,03/07/2007,22/03/2019,PN0
814087,03/07/2007,26/06/2020,PN6
814087,03/07/2007,05/08/2020,PN6
16960,12/03/2009,22/11/2014,PN7
16960,12/03/2009,03/03/2015,PN7
16960,12/03/2009,11/09/2016,PN6
16960,12/03/2009,23/10/2016,PN0
16960,12/03/2009,02/07/2017,PN1
16960,12/03/2009,29/08/2017,PN2
16960,12/03/2009,30/09/2019,PN1
16960,12/03/2009,11/04/2022,PN4
295116,31/08/2006,30/10/2014,PN6
295116,31/08/2006,06/03/2015,PN3
295116,31/08/2006,16/03/2015,PN5
295116,31/08/2006,03/12/2016,PN1
295116,31/08/2006,03/02/2017,PN1
295116,31/08/2006,05/07/2019,PN2
295116,31/08/2006,06/08/2020,PN4
295116,31/08/2006,02/11/2020,PN1
295116,31/08/2006,11/03/2022,PN1
295116,31/08/2006,20/04/2022,PN6
295116,31/08/2006,27/07/2022,PN3
295116,31/08/2006,25/10/2023,PN7
297403,21/12/2004,09/05/2018,PN2
297403,21/12/2004,18/08/2018,PN1
297403,21/12/2004,03/12/2018,PN7
297403,21/12/2004,03/11/2019,PN7
297403,21/12/2004,04/05/2020,PN7
297403,21/12/2004,15/05/2020,PN2
297403,21/12/2004,30/06/2020,PN2
309655,04/06/2006,24/02/2015,PN7
309655,04/06/2006,30/04/2018,PN4
309655,04/06/2006,21/05/2018,PN4
309655,04/06/2006,22/04/2019,PN1
309655,04/06/2006,19/05/2019,PN2
636479,15/07/2008,24/08/2016,PN1
636479,15/07/2008,07/02/2017,PN5
636479,15/07/2008,19/04/2018,PN3
636479,15/07/2008,26/09/2018,PN0
636479,15/07/2008,30/11/2018,PN5
636479,15/07/2008,25/11/2020,PN6
588334,30/05/2002,19/02/2016,PN4
588334,30/05/2002,23/01/2017,PN1
588334,30/05/2002,26/01/2017,PN5
588334,30/05/2002,12/05/2017,PN5
588334,30/05/2002,08/06/2018,PN3
588334,30/05/2002,08/08/2019,PN1
571007,22/09/2009,22/11/2016,PN7
571007,22/09/2009,20/03/2017,PN4
571007,22/09/2009,26/08/2020,PN4
869102,03/12/2008,24/08/2018,PN7
869102,03/12/2008,09/09/2018,PN2
869102,03/12/2008,21/12/2019,PN1
988280,09/04/2008,18/07/2020,PN7
988280,09/04/2008,04/01/2021,PN0
988280,09/04/2008,13/12/2021,PN2
988280,09/04/2008,13/08/2022,PN1
988280,09/04/2008,20/09/2022,PN4
988280,09/04/2008,29/11/2023,PN6
247698,18/05/2004,23/12/2017,PN7
247698,18/05/2004,02/07/2019,PN1
247698,18/05/2004,06/10/2020,PN6
247698,18/05/2004,06/10/2021,PN1
247698,18/05/2004,27/12/2021,PN1
528962,10/11/2004,19/11/2012,PN6
528962,10/11/2004,05/12/2012,PN5
528962,10/11/2004,13/09/2013,PN7
528962,10/11/2004,14/02/2014,PN3
528962,10/11/2004,03/08/2014,PN0
528962,10/11/2004,09/05/2015,PN7
528962,10/11/2004,13/06/2015,PN2
528962,10/11/2004,15/07/2019,PN2
88024,05/02/2008,06/10/2017,PN1
88024,05/02/2008,01/03/2018,PN1
88024,05/02/2008,22/06/2018,PN6
88024,05/02/2008,24/11/2018,PN7
88024,05/02/2008,18/01/2021,PN4
569582,31/03/2005,03/03/2012,PN5
569582,31/03/2005,29/05/2012,PN5
569582,31/03/2005,05/09/2014,PN1
569582,31/03/2005,20/09/2015,PN0
569582,31/03/2005,11/03/2017,PN1
569582,31/03/2005,16/03/2017,PN5
569582,31/03/2005,24/03/2017,PN2
569582,31/03/2005,19/02/2018,PN3
569582,31/03/2005,02/11/2018,PN6
569582,31/03/2005,13/09/2019,PN7
569582,31/03/2005,15/06/2021,PN2
569582,31/03/2005,22/01/2022,PN2
569582,31/03/2005,05/03/2022,PN4
569582,31/03/2005,14/04/2022,PN7
569582,31/03/2005,20/01/2023,PN5
