date,industry,opj,gva,jobs
1997 Q1,WE,79.3013,64.5075,81.3448
1997 Q2,WE,79.4981,65.0251,81.7946
1997 Q3,WE,79.7405,65.4281,82.0512
1997 Q4,WE,80.5891,66.1198,82.0456
1998 Q1,WE,80.9671,66.5152,82.1508
1998 Q2,WE,81.5512,67.0765,82.2508
1998 Q3,WE,81.6874,67.5391,82.6799
1998 Q4,WE,82.0939,68.1369,82.9987
1999 Q1,WE,82.3246,68.5626,83.2833
1999 Q2,WE,82.0752,68.678,83.677
1999 Q3,WE,83.2022,69.7799,83.8679
1999 Q4,WE,84.2202,70.759,84.0167
2000 Q1,WE,84.9668,71.5252,84.1801
2000 Q2,WE,85.5243,72.1685,84.3837
2000 Q3,WE,85.8067,72.6417,84.6574
2000 Q4,WE,86.2412,72.9717,84.6135
2001 Q1,WE,86.7886,73.5184,84.7097
2001 Q2,WE,86.663,73.7886,85.1443
2001 Q3,WE,87.0831,74.0362,85.0179
2001 Q4,WE,86.8936,74.0406,85.2083
2002 Q1,WE,87.0752,74.2594,85.2818
2002 Q2,WE,87.1845,74.6845,85.6626
2002 Q3,WE,87.5999,75.1475,85.785
2002 Q4,WE,87.9425,75.8256,86.2218
2003 Q1,WE,88.7188,76.4266,86.1447
2003 Q2,WE,89.0695,77.0116,86.4623
2003 Q3,WE,89.6986,77.6923,86.6148
2003 Q4,WE,90.2201,78.1567,86.6289
2004 Q1,WE,89.9771,78.4042,87.138
2004 Q2,WE,90.6422,78.9246,87.0727
2004 Q3,WE,90.7961,79.1994,87.2277
2004 Q4,WE,90.7675,79.4706,87.554
2005 Q1,WE,91.0721,80.1033,87.9559
2005 Q2,WE,91.8527,80.9066,88.083
2005 Q3,WE,92.2809,81.6334,88.4619
2005 Q4,WE,93.7346,82.5673,88.0862
2006 Q1,WE,93.3982,82.7709,88.6216
2006 Q2,WE,93.4977,83.1093,88.8891
2006 Q3,WE,93.2912,83.2075,89.1911
2006 Q4,WE,93.634,83.5352,89.2147
2007 Q1,WE,94.7547,84.5068,89.1848
2007 Q2,WE,94.7482,84.9947,89.7059
2007 Q3,WE,95.0894,85.5635,89.9822
2007 Q4,WE,95.2735,86.1264,90.3991
2008 Q1,WE,95.5826,86.7222,90.7301
2008 Q2,WE,95.0805,86.467,90.9408
2008 Q3,WE,93.9737,85.0593,90.5139
2008 Q4,WE,91.994,83.0781,90.3081
2009 Q1,WE,90.6311,81.5352,89.9638
2009 Q2,WE,91.1972,81.209,89.0477
2009 Q3,WE,91.4347,81.4358,89.0644
2009 Q4,WE,91.8736,81.7766,89.0099
2010 Q1,WE,93.14,82.5629,88.6438
2010 Q2,WE,93.4861,83.5604,89.3827
2010 Q3,WE,93.52,84.1006,89.9279
2010 Q4,WE,93.9124,84.1884,89.6456
2011 Q1,WE,93.4414,84.2728,90.1879
2011 Q2,WE,93.6005,84.3684,90.1367
2011 Q3,WE,94.4535,84.7068,89.6809
2011 Q4,WE,94.6093,84.8711,89.707
2012 Q1,WE,94.9293,85.6063,90.179
2012 Q2,WE,94.2328,85.5207,90.7546
2012 Q3,WE,95.0698,86.5,90.9858
2012 Q4,WE,94.393,86.3136,91.4407
2013 Q1,WE,95.0546,86.6604,91.169
2013 Q2,WE,95.0997,87.097,91.5849
2013 Q3,WE,95.2857,87.8239,92.169
2013 Q4,WE,95.293,88.2947,92.6559
2014 Q1,WE,95.362,89.0698,93.4018
2014 Q2,WE,95.6677,90.0371,94.1145
2014 Q3,WE,96.116,90.7647,94.4324
2014 Q4,WE,96.4578,91.3436,94.698
2015 Q1,WE,96.0368,91.5656,95.3443
2015 Q2,WE,96.7165,92.1232,95.2507
2015 Q3,WE,96.4258,92.3749,95.799
2015 Q4,WE,96.6387,93.0387,96.2748
2016 Q1,WE,97.0006,93.3969,96.2848
2016 Q2,WE,97.1925,94.1478,96.8674
2016 Q3,WE,97.3965,94.7014,97.2328
2016 Q4,WE,98.0196,95.2569,97.1815
2017 Q1,WE,98.5531,95.9137,97.3218
2017 Q2,WE,98.6405,96.4416,97.7708
2017 Q3,WE,99.1078,97.0526,97.9263
2017 Q4,WE,99.398,97.5673,98.1582
2018 Q1,WE,99.0148,97.5625,98.5333
2018 Q2,WE,99.3346,98.0619,98.7188
2018 Q3,WE,99.6219,98.6505,99.0249
2018 Q4,WE,99.5526,98.949,99.3938
2019 Q1,WE,100.0473,99.539,99.4919
2019 Q2,WE,99.576,99.623,100.0472
2019 Q3,WE,100.457,100.4207,99.9639
2019 Q4,WE,99.9207,100.4173,100.4971
2020 Q1,WE,97.2564,98.0119,100.7769
2020 Q2,WE,78.2179,77.4681,99.0415
2020 Q3,WE,91.8679,90.4831,98.4926
2020 Q4,WE,93.6212,91.7558,98.0075
2021 Q1,WE,92.3775,90.6611,98.1419
2021 Q2,WE,97.632,96.2654,98.6003
2021 Q3,WE,98.4075,97.9203,99.5049
2021 Q4,WE,99.9563,99.4098,99.4532
2022 Q1,WE,100.2003,99.961,99.7611
2022 Q2,WE,100.0501,100.2585,100.2083
2022 Q3,WE,100.0322,100.1641,100.1319
2022 Q4,WE,99.986,100.3033,100.3174
2023 Q1,WE,99.4357,100.4371,101.0071
1997 Q1,A: 01 to 03,43.5773,52.7973,121.1578
1997 Q2,A: 01 to 03,44.2855,54.8075,123.7594
1997 Q3,A: 01 to 03,44.994,56.995,126.6726
1997 Q4,A: 01 to 03,48.8096,61.2224,125.4311
1998 Q1,A: 01 to 03,54.8179,67.0756,122.3607
1998 Q2,A: 01 to 03,55.3799,66.5435,120.1583
1998 Q3,A: 01 to 03,55.3931,63.9125,115.3799
1998 Q4,A: 01 to 03,57.6445,64.0307,111.0787
1999 Q1,A: 01 to 03,67.4023,73.6088,109.2081
1999 Q2,A: 01 to 03,65.8927,70.6821,107.2685
1999 Q3,A: 01 to 03,68.8901,73.2244,106.2917
1999 Q4,A: 01 to 03,76.268,79.3437,104.0328
2000 Q1,A: 01 to 03,82.8929,83.4233,100.6397
2000 Q2,A: 01 to 03,80.6523,80.6149,99.9536
2000 Q3,A: 01 to 03,83.1426,80.5262,96.8531
2000 Q4,A: 01 to 03,83.4239,80.4966,96.4912
2001 Q1,A: 01 to 03,86.1446,79.2255,91.968
2001 Q2,A: 01 to 03,88.4985,79.1959,89.4885
2001 Q3,A: 01 to 03,92.1913,83.4233,90.4893
2001 Q4,A: 01 to 03,94.6316,85.2561,90.0926
2002 Q1,A: 01 to 03,110.1725,101.0716,91.7394
2002 Q2,A: 01 to 03,111.733,102.0767,91.3577
2002 Q3,A: 01 to 03,115.6281,101.6333,87.8967
2002 Q4,A: 01 to 03,118.219,99.5048,84.1699
2003 Q1,A: 01 to 03,113.0909,97.7016,86.3921
2003 Q2,A: 01 to 03,114.7195,98.9136,86.2222
2003 Q3,A: 01 to 03,108.918,97.406,89.4306
2003 Q4,A: 01 to 03,102.0185,94.2724,92.4071
2004 Q1,A: 01 to 03,98.4536,87.9462,89.3276
2004 Q2,A: 01 to 03,95.1961,84.251,88.5026
2004 Q3,A: 01 to 03,94.4407,86.1134,91.1824
2004 Q4,A: 01 to 03,95.4605,89.306,93.5528
2005 Q1,A: 01 to 03,112.0155,109.7332,97.9626
2005 Q2,A: 01 to 03,101.5758,98.6476,97.1172
2005 Q3,A: 01 to 03,92.0789,87.4436,94.966
2005 Q4,A: 01 to 03,86.4634,83.0094,96.0053
2006 Q1,A: 01 to 03,91.4033,87.4436,95.6679
2006 Q2,A: 01 to 03,99.8556,93.7107,93.8463
2006 Q3,A: 01 to 03,102.4434,96.933,94.621
2006 Q4,A: 01 to 03,95.3626,91.6119,96.0668
2007 Q1,A: 01 to 03,87.7333,81.8565,93.3015
2007 Q2,A: 01 to 03,84.7674,80.8218,95.3454
2007 Q3,A: 01 to 03,86.0663,81.5313,94.7308
2007 Q4,A: 01 to 03,90.7235,84.5466,93.1915
2008 Q1,A: 01 to 03,105.6803,101.2194,95.7789
2008 Q2,A: 01 to 03,102.4259,102.9636,100.525
2008 Q3,A: 01 to 03,107.0749,103.3479,96.5192
2008 Q4,A: 01 to 03,104.7525,102.2836,97.6431
2009 Q1,A: 01 to 03,102.5459,101.722,99.1966
2009 Q2,A: 01 to 03,101.2244,98.7658,97.5711
2009 Q3,A: 01 to 03,93.5803,93.7699,100.2026
2009 Q4,A: 01 to 03,89.8989,88.3601,98.2882
2010 Q1,A: 01 to 03,81.3174,81.0879,99.7178
2010 Q2,A: 01 to 03,75.8334,78.6638,103.7324
2010 Q3,A: 01 to 03,74.6165,79.4324,106.4542
2010 Q4,A: 01 to 03,74.6259,83.3937,111.749
2011 Q1,A: 01 to 03,98.0373,103.4366,105.5074
2011 Q2,A: 01 to 03,102.9734,104.9738,101.9426
2011 Q3,A: 01 to 03,93.3241,102.1063,109.4104
2011 Q4,A: 01 to 03,93.0185,99.2683,106.7189
2012 Q1,A: 01 to 03,79.1925,88.1827,111.3524
2012 Q2,A: 01 to 03,80.2035,87.2072,108.7324
2012 Q3,A: 01 to 03,82.7631,86.2612,104.2266
2012 Q4,A: 01 to 03,84.064,84.1623,100.117
2013 Q1,A: 01 to 03,83.005,78.9594,95.1261
2013 Q2,A: 01 to 03,82.7958,80.408,97.116
2013 Q3,A: 01 to 03,89.3775,86.1429,96.381
2013 Q4,A: 01 to 03,95.3804,94.8932,99.4892
2014 Q1,A: 01 to 03,109.1715,121.144,110.9667
2014 Q2,A: 01 to 03,107.6618,124.1889,115.351
2014 Q3,A: 01 to 03,110.5093,121.351,109.8106
2014 Q4,A: 01 to 03,103.1281,115.3204,111.8224
2015 Q1,A: 01 to 03,107.9732,108.0482,100.0695
2015 Q2,A: 01 to 03,107.3357,105.6537,98.4329
2015 Q3,A: 01 to 03,101.7903,102.3428,100.5428
2015 Q4,A: 01 to 03,88.793,99.9778,112.5965
2016 Q1,A: 01 to 03,90.6501,91.3754,100.8001
2016 Q2,A: 01 to 03,92.2672,92.41,100.1548
2016 Q3,A: 01 to 03,92.4311,94.0359,101.7362
2016 Q4,A: 01 to 03,93.3535,96.0757,102.916
2017 Q1,A: 01 to 03,93.9874,101.0421,107.5059
2017 Q2,A: 01 to 03,95.9309,100.7464,105.0198
2017 Q3,A: 01 to 03,96.5182,97.5833,101.1035
2017 Q4,A: 01 to 03,86.1604,91.6414,106.3614
2018 Q1,A: 01 to 03,76.9779,81.3835,105.7232
2018 Q2,A: 01 to 03,80.1575,82.832,103.3366
2018 Q3,A: 01 to 03,85.3966,86.0838,100.8047
2018 Q4,A: 01 to 03,90.7168,91.8779,101.28
2019 Q1,A: 01 to 03,96.888,96.7852,99.8939
2019 Q2,A: 01 to 03,98.4794,97.9676,99.4804
2019 Q3,A: 01 to 03,101.0693,101.8107,100.7335
2019 Q4,A: 01 to 03,103.5481,103.4366,99.8922
2020 Q1,A: 01 to 03,104.1317,102.6975,98.6227
2020 Q2,A: 01 to 03,93.8272,91.1093,97.1033
2020 Q3,A: 01 to 03,94.8445,95.8687,101.0799
2020 Q4,A: 01 to 03,96.8733,96.3713,99.4818
2021 Q1,A: 01 to 03,101.636,98.4406,96.856
2021 Q2,A: 01 to 03,106.2107,100.7169,94.8274
2021 Q3,A: 01 to 03,116.0919,104.4417,89.9646
2021 Q4,A: 01 to 03,120.572,104.6781,86.8179
2022 Q1,A: 01 to 03,123.3204,105.3285,85.4104
2022 Q2,A: 01 to 03,121.838,105.9493,86.9592
2022 Q3,A: 01 to 03,125.3683,105.8902,84.4633
2022 Q4,A: 01 to 03,129.3411,105.3581,81.4575
2023 Q1,A: 01 to 03,122.6983,105.3876,85.8916
1997 Q1,B: 05 to 09,351.2049,403.9124,115.0076
1997 Q2,B: 05 to 09,338.0509,380.1075,112.4409
1997 Q3,B: 05 to 09,346.8741,386.8852,111.5348
1997 Q4,B: 05 to 09,348.2602,390.3201,112.0771
1998 Q1,B: 05 to 09,344.0545,397.5754,115.5559
1998 Q2,B: 05 to 09,323.802,387.0138,119.5218
1998 Q3,B: 05 to 09,292.4917,363.2273,124.1838
1998 Q4,B: 05 to 09,279.3313,357.2577,127.8974
1999 Q1,B: 05 to 09,295.8,374.4134,126.5765
1999 Q2,B: 05 to 09,303.6197,380.0891,125.1859
1999 Q3,B: 05 to 09,309.4896,381.7238,123.3398
1999 Q4,B: 05 to 09,289.7288,357.2944,123.3203
2000 Q1,B: 05 to 09,258.4866,317.7665,122.9334
2000 Q2,B: 05 to 09,268.0393,340.0836,126.8783
2000 Q3,B: 05 to 09,285.7,351.8942,123.1691
2000 Q4,B: 05 to 09,294.3066,351.8758,119.561
2001 Q1,B: 05 to 09,265.9181,325.132,122.2677
2001 Q2,B: 05 to 09,262.2373,320.4665,122.2048
2001 Q3,B: 05 to 09,262.7915,316.095,120.2836
2001 Q4,B: 05 to 09,268.3991,313.8541,116.9356
2002 Q1,B: 05 to 09,270.7438,319.5481,118.026
2002 Q2,B: 05 to 09,283.8926,322.3401,113.543
2002 Q3,B: 05 to 09,259.8306,289.296,111.3402
2002 Q4,B: 05 to 09,263.4656,293.4105,111.3658
2003 Q1,B: 05 to 09,268.3689,295.2656,110.0223
2003 Q2,B: 05 to 09,260.7402,282.7203,108.4299
2003 Q3,B: 05 to 09,259.0439,283.253,109.3456
2003 Q4,B: 05 to 09,260.9561,281.1039,107.7208
2004 Q1,B: 05 to 09,261.2441,262.6808,100.5499
2004 Q2,B: 05 to 09,282.837,279.0651,98.6664
2004 Q3,B: 05 to 09,276.6232,274.1608,99.1098
2004 Q4,B: 05 to 09,269.7167,266.4463,98.7875
2005 Q1,B: 05 to 09,235.0074,238.0126,101.2787
2005 Q2,B: 05 to 09,240.0877,249.713,104.0091
2005 Q3,B: 05 to 09,237.4838,243.7801,102.6513
2005 Q4,B: 05 to 09,223.4674,237.2779,106.1801
2006 Q1,B: 05 to 09,203.7875,212.4627,104.257
2006 Q2,B: 05 to 09,201.4216,211.2137,104.8615
2006 Q3,B: 05 to 09,203.1182,215.4934,106.0926
2006 Q4,B: 05 to 09,194.0262,206.8972,106.6337
2007 Q1,B: 05 to 09,195.2436,205.5196,105.2632
2007 Q2,B: 05 to 09,189.5082,201.148,106.1421
2007 Q3,B: 05 to 09,180.2549,188.3455,104.4884
2007 Q4,B: 05 to 09,171.4486,178.739,104.2523
2008 Q1,B: 05 to 09,148.2098,160.0404,107.9823
2008 Q2,B: 05 to 09,160.614,171.5755,106.8248
2008 Q3,B: 05 to 09,172.7222,181.6228,105.1531
2008 Q4,B: 05 to 09,182.1911,184.5066,101.2709
2009 Q1,B: 05 to 09,181.4175,180.3371,99.4044
2009 Q2,B: 05 to 09,172.3203,165.7345,96.1781
2009 Q3,B: 05 to 09,157.3756,150.0482,95.344
2009 Q4,B: 05 to 09,151.0333,143.1786,94.7993
2010 Q1,B: 05 to 09,147.8483,141.8928,95.9719
2010 Q2,B: 05 to 09,152.9517,149.0747,97.4652
2010 Q3,B: 05 to 09,139.3654,143.95,103.2897
2010 Q4,B: 05 to 09,122.7838,131.4598,107.0661
2011 Q1,B: 05 to 09,93.4395,98.1586,105.0505
2011 Q2,B: 05 to 09,98.0458,102.4384,104.4801
2011 Q3,B: 05 to 09,101.7678,107.8018,105.9292
2011 Q4,B: 05 to 09,98.444,109.2896,111.017
2012 Q1,B: 05 to 09,81.9596,97.9015,119.4509
2012 Q2,B: 05 to 09,70.0539,93.1992,133.0393
2012 Q3,B: 05 to 09,65.6125,91.3992,139.3015
2012 Q4,B: 05 to 09,64.5924,79.2947,122.7617
2013 Q1,B: 05 to 09,58.4859,75.3639,128.8583
2013 Q2,B: 05 to 09,62.2399,76.117,122.2961
2013 Q3,B: 05 to 09,65.6384,79.6069,121.281
2013 Q4,B: 05 to 09,68.9343,83.9785,121.8241
2014 Q1,B: 05 to 09,76.8831,89.8563,116.8739
2014 Q2,B: 05 to 09,70.6448,79.5886,112.6602
2014 Q3,B: 05 to 09,65.9242,73.3067,111.1986
2014 Q4,B: 05 to 09,65.2317,76.0803,116.6308
2015 Q1,B: 05 to 09,76.3099,92.6849,121.4586
2015 Q2,B: 05 to 09,75.9082,92.9054,122.3918
2015 Q3,B: 05 to 09,74.9718,89.544,119.4369
2015 Q4,B: 05 to 09,82.7054,89.544,108.2686
2016 Q1,B: 05 to 09,89.8494,98.5627,109.6976
2016 Q2,B: 05 to 09,101.8446,101.7404,99.8976
2016 Q3,B: 05 to 09,102.7517,105.2854,102.4658
2016 Q4,B: 05 to 09,94.4803,93.6768,99.1495
2017 Q1,B: 05 to 09,88.4427,84.603,95.6585
2017 Q2,B: 05 to 09,93.5025,90.0951,96.3557
2017 Q3,B: 05 to 09,100.1014,96.0279,95.9306
2017 Q4,B: 05 to 09,98.8732,97.5708,98.6828
2018 Q1,B: 05 to 09,81.7052,81.2784,99.4776
2018 Q2,B: 05 to 09,91.639,93.8972,102.4643
2018 Q3,B: 05 to 09,106.4635,104.8629,98.4966
2018 Q4,B: 05 to 09,108.6611,111.5305,102.6407
2019 Q1,B: 05 to 09,109.0601,108.5733,99.5536
2019 Q2,B: 05 to 09,101.6807,98.9301,97.2949
2019 Q3,B: 05 to 09,97.7883,98.2872,100.5102
2019 Q4,B: 05 to 09,91.7851,94.2095,102.6413
2020 Q1,B: 05 to 09,91.2316,96.7443,106.0425
2020 Q2,B: 05 to 09,92.5963,99.2791,107.2171
2020 Q3,B: 05 to 09,101.2843,96.3585,95.1367
2020 Q4,B: 05 to 09,103.2554,94.632,91.6484
2021 Q1,B: 05 to 09,96.8836,89.9665,92.8603
2021 Q2,B: 05 to 09,78.257,73.0679,93.3691
2021 Q3,B: 05 to 09,97.036,90.8849,93.661
2021 Q4,B: 05 to 09,96.9276,87.7991,90.5821
2022 Q1,B: 05 to 09,96.7602,90.2604,93.2825
2022 Q2,B: 05 to 09,94.5889,87.5419,92.5498
2022 Q3,B: 05 to 09,93.4673,86.55,92.5993
2022 Q4,B: 05 to 09,88.9636,84.4377,94.9126
2023 Q1,B: 05 to 09,83.4976,79.9192,95.7143
1997 Q1,C: 10 to 33,41.8953,67.4579,161.0152
1997 Q2,C: 10 to 33,41.8374,67.5112,161.3657
1997 Q3,C: 10 to 33,42.5052,68.48,161.1097
1997 Q4,C: 10 to 33,43.8259,70.3661,160.5582
1998 Q1,C: 10 to 33,45.1198,72.1681,159.9479
1998 Q2,C: 10 to 33,44.6457,71.4231,159.9776
1998 Q3,C: 10 to 33,43.7795,70.245,160.4517
1998 Q4,C: 10 to 33,44.3757,70.2573,158.3237
1999 Q1,C: 10 to 33,46.4276,72.359,155.8533
1999 Q2,C: 10 to 33,47.0648,72.6258,154.3101
1999 Q3,C: 10 to 33,49.175,75.2405,153.0057
1999 Q4,C: 10 to 33,50.7363,77.0548,151.8732
2000 Q1,C: 10 to 33,51.8204,78.0667,150.6484
2000 Q2,C: 10 to 33,51.7371,77.139,149.098
2000 Q3,C: 10 to 33,52.0578,76.8414,147.6079
2000 Q4,C: 10 to 33,54.0181,78.2883,144.9298
2001 Q1,C: 10 to 33,55.8016,79.9241,143.2289
2001 Q2,C: 10 to 33,55.2806,78.6249,142.2286
2001 Q3,C: 10 to 33,56.6188,78.9266,139.4001
2001 Q4,C: 10 to 33,57.0573,78.707,137.9438
2002 Q1,C: 10 to 33,59.7946,81.1904,135.7821
2002 Q2,C: 10 to 33,60.0384,80.8805,134.7145
2002 Q3,C: 10 to 33,62.2189,82.584,132.7313
2002 Q4,C: 10 to 33,62.1247,81.605,131.3567
2003 Q1,C: 10 to 33,64.4165,83.0581,128.9391
2003 Q2,C: 10 to 33,65.5175,83.253,127.0699
2003 Q3,C: 10 to 33,67.1076,84.0432,125.2365
2003 Q4,C: 10 to 33,68.9136,85.2131,123.652
2004 Q1,C: 10 to 33,71.6368,87.8771,122.6702
2004 Q2,C: 10 to 33,71.0396,86.1346,121.2488
2004 Q3,C: 10 to 33,69.6107,83.801,120.3853
2004 Q4,C: 10 to 33,71.0416,84.6425,119.145
2005 Q1,C: 10 to 33,72.8337,85.601,117.5293
2005 Q2,C: 10 to 33,75.2055,87.1136,115.834
2005 Q3,C: 10 to 33,76.0436,87.1998,114.6708
2005 Q4,C: 10 to 33,78.4178,88.6364,113.0311
2006 Q1,C: 10 to 33,81.2158,91.8649,113.112
2006 Q2,C: 10 to 33,81.5801,92.2835,113.1202
2006 Q3,C: 10 to 33,81.6994,92.6263,113.3745
2006 Q4,C: 10 to 33,83.5324,93.6012,112.0537
2007 Q1,C: 10 to 33,84.5749,93.4226,110.4615
2007 Q2,C: 10 to 33,84.3952,92.6283,109.7555
2007 Q3,C: 10 to 33,84.1584,92.2507,109.6156
2007 Q4,C: 10 to 33,85.7431,92.9649,108.4227
2008 Q1,C: 10 to 33,88.2002,95.3375,108.0922
2008 Q2,C: 10 to 33,88.1832,95.0214,107.7546
2008 Q3,C: 10 to 33,88.6711,94.0486,106.0645
2008 Q4,C: 10 to 33,86.1399,89.7427,104.1825
2009 Q1,C: 10 to 33,83.933,85.1125,101.4053
2009 Q2,C: 10 to 33,85.9215,85.2911,99.2663
2009 Q3,C: 10 to 33,85.3956,84.6938,99.1782
2009 Q4,C: 10 to 33,86.6713,85.6338,98.8029
2010 Q1,C: 10 to 33,88.4851,85.8206,96.9887
2010 Q2,C: 10 to 33,89.3973,86.8365,97.1354
2010 Q3,C: 10 to 33,89.0583,86.6764,97.3255
2010 Q4,C: 10 to 33,88.8931,86.5061,97.3147
2011 Q1,C: 10 to 33,88.2998,86.0812,97.4874
2011 Q2,C: 10 to 33,88.5368,85.7405,96.8417
2011 Q3,C: 10 to 33,88.5099,85.1104,96.1593
2011 Q4,C: 10 to 33,88.7858,84.7061,95.405
2012 Q1,C: 10 to 33,90.2119,86.58,95.9739
2012 Q2,C: 10 to 33,89.0584,86.7236,97.3784
2012 Q3,C: 10 to 33,90.0169,88.228,98.0128
2012 Q4,C: 10 to 33,90.5418,87.9694,97.1589
2013 Q1,C: 10 to 33,92.1699,88.5277,96.0483
2013 Q2,C: 10 to 33,94.0206,90.1039,95.8342
2013 Q3,C: 10 to 33,94.6343,91.7479,96.9499
2013 Q4,C: 10 to 33,95.5363,92.4621,96.7821
2014 Q1,C: 10 to 33,97.5186,93.8167,96.2038
2014 Q2,C: 10 to 33,96.7372,93.6217,96.7794
2014 Q3,C: 10 to 33,95.5336,93.3918,97.7581
2014 Q4,C: 10 to 33,95.3022,93.2461,97.8425
2015 Q1,C: 10 to 33,95.577,94.3913,98.7595
2015 Q2,C: 10 to 33,96.7342,94.9209,98.1254
2015 Q3,C: 10 to 33,96.2876,94.3092,97.9454
2015 Q4,C: 10 to 33,95.5448,93.2051,97.5511
2016 Q1,C: 10 to 33,94.8901,92.4744,97.4542
2016 Q2,C: 10 to 33,96.1839,94.7402,98.4991
2016 Q3,C: 10 to 33,95.4856,93.6443,98.0716
2016 Q4,C: 10 to 33,95.8518,93.6668,97.7205
2017 Q1,C: 10 to 33,95.7994,93.7099,97.819
2017 Q2,C: 10 to 33,94.5512,93.6545,99.0517
2017 Q3,C: 10 to 33,94.3327,94.7505,100.4429
2017 Q4,C: 10 to 33,96.4091,96.9445,100.5554
2018 Q1,C: 10 to 33,98.4016,99.276,100.8887
2018 Q2,C: 10 to 33,98.1607,99.2678,101.1279
2018 Q3,C: 10 to 33,98.0716,99.1098,101.0586
2018 Q4,C: 10 to 33,97.6437,97.6813,100.0385
2019 Q1,C: 10 to 33,100.467,100.1709,99.7052
2019 Q2,C: 10 to 33,98.445,98.7157,100.275
2019 Q3,C: 10 to 33,99.876,99.9225,100.0466
2019 Q4,C: 10 to 33,101.218,101.1909,99.9732
2020 Q1,C: 10 to 33,102.1302,102.2232,100.0911
2020 Q2,C: 10 to 33,85.8155,83.8051,97.6573
2020 Q3,C: 10 to 33,107.4951,104.1607,96.8981
2020 Q4,C: 10 to 33,114.6144,110.2604,96.2011
2021 Q1,C: 10 to 33,115.2262,109.5277,95.0545
2021 Q2,C: 10 to 33,117.649,110.9726,94.3251
2021 Q3,C: 10 to 33,116.5001,109.9915,94.4133
2021 Q4,C: 10 to 33,115.6251,108.6082,93.9313
2022 Q1,C: 10 to 33,112.5235,107.3891,95.437
2022 Q2,C: 10 to 33,110.8481,106.3342,95.9278
2022 Q3,C: 10 to 33,109.4314,104.3044,95.3148
2022 Q4,C: 10 to 33,109.8118,104.8544,95.4855
2023 Q1,C: 10 to 33,110.4452,105.5091,95.5308
1997 Q1,D: 35,93.3676,74.5756,79.8731
1997 Q2,D: 35,97.5585,78.4521,80.4154
1997 Q3,D: 35,99.2355,80.2548,80.8731
1997 Q4,D: 35,102.0268,82.8166,81.1714
1998 Q1,D: 35,102.2538,83.1554,81.3226
1998 Q2,D: 35,107.0054,85.5952,79.9915
1998 Q3,D: 35,110.8523,85.2021,76.8609
1998 Q4,D: 35,123.5418,92.169,74.6055
1999 Q1,D: 35,155.1376,113.1646,72.9447
1999 Q2,D: 35,158.2848,112.7308,71.2203
1999 Q3,D: 35,151.0557,104.0968,68.9128
1999 Q4,D: 35,137.3949,92.5892,67.3891
2000 Q1,D: 35,126.373,85.0937,67.3354
2000 Q2,D: 35,123.2633,84.4295,68.4953
2000 Q3,D: 35,125.6462,86.9235,69.1812
2000 Q4,D: 35,135.4148,95.7202,70.6867
2001 Q1,D: 35,175.1484,124.9568,71.3434
2001 Q2,D: 35,178.2982,128.264,71.9379
2001 Q3,D: 35,174.9464,121.1345,69.2409
2001 Q4,D: 35,159.0607,108.3257,68.1034
2002 Q1,D: 35,149.7051,102.3754,68.3847
2002 Q2,D: 35,149.0767,103.1886,69.2185
2002 Q3,D: 35,157.7229,107.9191,68.4232
2002 Q4,D: 35,167.4382,114.1676,68.1849
2003 Q1,D: 35,182.0872,123.7234,67.9473
2003 Q2,D: 35,186.8464,126.5833,67.7472
2003 Q3,D: 35,190.4112,125.011,65.6532
2003 Q4,D: 35,181.1306,113.9372,62.9033
2004 Q1,D: 35,164.6636,103.2835,62.724
2004 Q2,D: 35,169.0975,105.5877,62.4419
2004 Q3,D: 35,162.0244,102.9447,63.5365
2004 Q4,D: 35,161.8769,102.0094,63.0167
2005 Q1,D: 35,140.3076,87.8317,62.5993
2005 Q2,D: 35,136.8645,85.2835,62.3123
2005 Q3,D: 35,124.9202,80.4175,64.3751
2005 Q4,D: 35,121.9754,78.2759,64.1735
2006 Q1,D: 35,130.2055,83.9009,64.4373
2006 Q2,D: 35,137.897,93.1449,67.5467
2006 Q3,D: 35,139.0553,97.8483,70.3665
2006 Q4,D: 35,134.2244,96.276,71.7276
2007 Q1,D: 35,122.3303,90.407,73.904
2007 Q2,D: 35,117.596,89.1058,75.7728
2007 Q3,D: 35,111.9714,86.8557,77.5696
2007 Q4,D: 35,106.4257,82.8708,77.8673
2008 Q1,D: 35,101.7779,79.7804,78.3868
2008 Q2,D: 35,102.5358,81.7322,79.711
2008 Q3,D: 35,96.2038,80.1057,83.2667
2008 Q4,D: 35,94.806,81.2172,85.6667
2009 Q1,D: 35,90.1754,77.5575,86.0074
2009 Q2,D: 35,94.6186,79.916,84.4611
2009 Q3,D: 35,100.7246,85.0395,84.4277
2009 Q4,D: 35,100.7501,84.0771,83.4512
2010 Q1,D: 35,101.7384,88.2518,86.7439
2010 Q2,D: 35,85.7415,78.1675,91.1664
2010 Q3,D: 35,75.9674,70.2518,92.4762
2010 Q4,D: 35,78.5637,71.3361,90.8003
2011 Q1,D: 35,75.2617,71.9596,95.6125
2011 Q2,D: 35,75.4858,69.8858,92.5814
2011 Q3,D: 35,78.5517,71.3361,90.8143
2011 Q4,D: 35,73.3807,66.8496,91.0997
2012 Q1,D: 35,72.9586,65.0876,89.2117
2012 Q2,D: 35,82.3968,74.6976,90.6559
2012 Q3,D: 35,80.8284,75.8226,93.8069
2012 Q4,D: 35,86.2277,80.2955,93.1203
2013 Q1,D: 35,90.9493,85.4054,93.9045
2013 Q2,D: 35,91.8669,85.419,92.9813
2013 Q3,D: 35,82.7741,78.0997,94.3528
2013 Q4,D: 35,82.3101,76.8798,93.4026
2014 Q1,D: 35,71.8721,66.809,92.9554
2014 Q2,D: 35,79.1307,71.2277,90.0127
2014 Q3,D: 35,85.3961,80.675,94.4715
2014 Q4,D: 35,93.0196,86.8829,93.4028
2015 Q1,D: 35,100.3983,97.035,96.65
2015 Q2,D: 35,97.8522,94.3784,96.4499
2015 Q3,D: 35,98.3844,96.4522,98.0361
2015 Q4,D: 35,100.706,95.9371,95.2645
2016 Q1,D: 35,99.5155,100.4507,100.9397
2016 Q2,D: 35,102.1287,100.9386,98.8347
2016 Q3,D: 35,97.8069,94.3106,96.4253
2016 Q4,D: 35,95.7552,94.0937,98.2648
2017 Q1,D: 35,91.6254,88.794,96.9098
2017 Q2,D: 35,89.9037,89.8241,99.9115
2017 Q3,D: 35,93.6185,91.8437,98.1043
2017 Q4,D: 35,91.8456,91.7759,99.9242
2018 Q1,D: 35,89.8308,91.2473,101.5769
2018 Q2,D: 35,81.8947,85.663,104.6014
2018 Q3,D: 35,80.8967,86.91,107.4333
2018 Q4,D: 35,82.7106,86.8693,105.028
2019 Q1,D: 35,88.4514,88.9702,100.5865
2019 Q2,D: 35,99.4337,99.0953,99.6596
2019 Q3,D: 35,101.4821,101.3859,99.9053
2019 Q4,D: 35,110.7163,110.5486,99.8486
2020 Q1,D: 35,107.7134,107.3634,99.675
2020 Q2,D: 35,102.1394,103.5275,101.359
2020 Q3,D: 35,115.4108,113.7068,98.5235
2020 Q4,D: 35,110.3787,111.6872,101.1854
2021 Q1,D: 35,120.5767,117.6104,97.5399
2021 Q2,D: 35,124.1116,122.883,99.0101
2021 Q3,D: 35,113.9765,111.1721,97.5395
2021 Q4,D: 35,114.412,107.1872,93.6853
2022 Q1,D: 35,123.1493,111.6194,90.6375
2022 Q2,D: 35,128.8507,111.9447,86.8794
2022 Q3,D: 35,124.3854,110.3046,88.6797
2022 Q4,D: 35,119.497,108.1088,90.4699
2023 Q1,D: 35,127.4829,108.1495,84.8345
1997 Q1,E: 36 to 39,180.3367,120.5271,66.8345
1997 Q2,E: 36 to 39,180.007,119.6431,66.4658
1997 Q3,E: 36 to 39,179.3711,120.789,67.3403
1997 Q4,E: 36 to 39,176.2471,116.4184,66.0541
1998 Q1,E: 36 to 39,187.0924,122.2131,65.3224
1998 Q2,E: 36 to 39,185.3044,120.347,64.9456
1998 Q3,E: 36 to 39,179.5146,116.3693,64.8244
1998 Q4,E: 36 to 39,178.7218,115.5017,64.6266
1999 Q1,E: 36 to 39,169.9849,108.1028,63.5955
1999 Q2,E: 36 to 39,172.2882,109.576,63.6004
1999 Q3,E: 36 to 39,171.5487,110.8528,64.6189
1999 Q4,E: 36 to 39,180.0451,113.9139,63.2696
2000 Q1,E: 36 to 39,177.5546,113.3901,63.8621
2000 Q2,E: 36 to 39,176.8044,115.5672,65.3644
2000 Q3,E: 36 to 39,176.6429,118.5791,67.1293
2000 Q4,E: 36 to 39,179.4552,118.8083,66.205
2001 Q1,E: 36 to 39,179.4977,117.908,65.6878
2001 Q2,E: 36 to 39,178.9372,118.3336,66.1314
2001 Q3,E: 36 to 39,172.0826,114.1431,66.3304
2001 Q4,E: 36 to 39,172.0846,113.1118,65.7304
2002 Q1,E: 36 to 39,172.8328,112.4243,65.048
2002 Q2,E: 36 to 39,168.2078,111.3112,66.1748
2002 Q3,E: 36 to 39,167.7637,111.393,66.3988
2002 Q4,E: 36 to 39,169.3182,112.4898,66.4369
2003 Q1,E: 36 to 39,176.7722,117.3023,66.3579
2003 Q2,E: 36 to 39,176.3473,117.0404,66.3693
2003 Q3,E: 36 to 39,178.6923,117.2041,65.5899
2003 Q4,E: 36 to 39,171.5702,112.5061,65.5744
2004 Q1,E: 36 to 39,166.6582,107.1043,64.2658
2004 Q2,E: 36 to 39,169.1245,110.4272,65.2935
2004 Q3,E: 36 to 39,162.2687,107.5299,66.2665
2004 Q4,E: 36 to 39,164.4194,107.6281,65.4595
2005 Q1,E: 36 to 39,168.5957,110.3945,65.4788
2005 Q2,E: 36 to 39,167.5297,112.5389,67.1755
2005 Q3,E: 36 to 39,169.5466,112.7517,66.5019
2005 Q4,E: 36 to 39,169.2935,110.4272,65.2283
2006 Q1,E: 36 to 39,156.3049,103.0283,65.915
2006 Q2,E: 36 to 39,154.1044,104.3542,67.7166
2006 Q3,E: 36 to 39,149.2949,103.0447,69.0209
2006 Q4,E: 36 to 39,146.9098,102.4063,69.7069
2007 Q1,E: 36 to 39,149.4459,104.5343,69.9479
2007 Q2,E: 36 to 39,148.0895,103.192,69.6822
2007 Q3,E: 36 to 39,143.0574,100.6384,70.3483
2007 Q4,E: 36 to 39,142.0424,100.0982,70.4706
2008 Q1,E: 36 to 39,139.9555,99.6399,71.194
2008 Q2,E: 36 to 39,141.3934,101.1295,71.5235
2008 Q3,E: 36 to 39,141.2566,105.5656,74.7332
2008 Q4,E: 36 to 39,134.6284,100.8839,74.9351
2009 Q1,E: 36 to 39,134.3137,100.131,74.5501
2009 Q2,E: 36 to 39,144.2939,104.698,72.5588
2009 Q3,E: 36 to 39,145.036,105.8111,72.9551
2009 Q4,E: 36 to 39,142.616,105.4673,73.952
2010 Q1,E: 36 to 39,136.6914,102.0298,74.6424
2010 Q2,E: 36 to 39,129.8717,101.1786,77.9065
2010 Q3,E: 36 to 39,125.0582,99.2961,79.3999
2010 Q4,E: 36 to 39,122.173,96.7916,79.225
2011 Q1,E: 36 to 39,115.3682,96.3333,83.5007
2011 Q2,E: 36 to 39,110.1273,93.3213,84.7395
2011 Q3,E: 36 to 39,109.3258,91.3406,83.549
2011 Q4,E: 36 to 39,111.6456,92.11,82.5022
2012 Q1,E: 36 to 39,105.6887,89.6219,84.798
2012 Q2,E: 36 to 39,101.8073,89.4254,87.8379
2012 Q3,E: 36 to 39,101.0204,89.5891,88.6842
2012 Q4,E: 36 to 39,103.255,88.3451,85.5601
2013 Q1,E: 36 to 39,99.655,86.0206,86.3185
2013 Q2,E: 36 to 39,100.4962,86.5936,86.166
2013 Q3,E: 36 to 39,105.8522,90.6204,85.6103
2013 Q4,E: 36 to 39,102.9201,91.0951,88.5105
2014 Q1,E: 36 to 39,106.4573,92.8466,87.2149
2014 Q2,E: 36 to 39,103.4357,90.5877,87.5787
2014 Q3,E: 36 to 39,104.4896,90.7514,86.852
2014 Q4,E: 36 to 39,108.265,92.7157,85.6377
2015 Q1,E: 36 to 39,109.5422,94.0743,85.8795
2015 Q2,E: 36 to 39,108.9798,96.7261,88.756
2015 Q3,E: 36 to 39,106.9917,96.7752,90.4512
2015 Q4,E: 36 to 39,110.2458,96.3824,87.425
2016 Q1,E: 36 to 39,112.6853,99.0015,87.8566
2016 Q2,E: 36 to 39,110.4732,99.0015,89.6158
2016 Q3,E: 36 to 39,107.2027,98.0029,91.4183
2016 Q4,E: 36 to 39,104.4971,98.4449,94.2083
2017 Q1,E: 36 to 39,105.5256,100.4256,95.1671
2017 Q2,E: 36 to 39,101.675,96.6116,95.02
2017 Q3,E: 36 to 39,101.8871,98.7232,96.8947
2017 Q4,E: 36 to 39,101.4989,100.9985,99.507
2018 Q1,E: 36 to 39,98.8806,99.9345,101.0658
2018 Q2,E: 36 to 39,100.3952,100.6384,100.2423
2018 Q3,E: 36 to 39,100.2881,101.1786,100.8879
2018 Q4,E: 36 to 39,97.2089,99.4926,102.3492
2019 Q1,E: 36 to 39,98.2812,99.1488,100.8827
2019 Q2,E: 36 to 39,99.3453,100.3601,101.0215
2019 Q3,E: 36 to 39,100.4039,100.311,99.9075
2019 Q4,E: 36 to 39,102.0285,100.1801,98.1883
2020 Q1,E: 36 to 39,106.1476,104.2724,98.2334
2020 Q2,E: 36 to 39,103.7827,100.0655,96.4183
2020 Q3,E: 36 to 39,106.5182,106.1385,99.6435
2020 Q4,E: 36 to 39,109.1769,108.5448,99.421
2021 Q1,E: 36 to 39,111.9872,111.4258,99.4987
2021 Q2,E: 36 to 39,106.5188,111.966,105.1138
2021 Q3,E: 36 to 39,103.3371,112.9808,109.3323
2021 Q4,E: 36 to 39,106.1209,115.2234,108.5775
2022 Q1,E: 36 to 39,104.513,116.0255,111.0154
2022 Q2,E: 36 to 39,109.378,116.2547,106.2871
2022 Q3,E: 36 to 39,112.6285,113.7666,101.0104
2022 Q4,E: 36 to 39,110.8051,114.6178,103.4409
2023 Q1,E: 36 to 39,104.5763,115.0106,109.9778
1997 Q1,F: 41 to 43,110.0456,86.2804,78.4042
1997 Q2,F: 41 to 43,114.1737,88.0212,77.0941
1997 Q3,F: 41 to 43,111.3973,87.3319,78.3968
1997 Q4,F: 41 to 43,112.2585,90.0826,80.2456
1998 Q1,F: 41 to 43,114.6781,92.7146,80.8477
1998 Q2,F: 41 to 43,113.8619,91.2142,80.1095
1998 Q3,F: 41 to 43,114.6643,92.2497,80.452
1998 Q4,F: 41 to 43,115.8071,94.542,81.6374
1999 Q1,F: 41 to 43,118.1289,96.209,81.4441
1999 Q2,F: 41 to 43,118.4432,97.1676,82.0373
1999 Q3,F: 41 to 43,120.8605,99.2899,82.1525
1999 Q4,F: 41 to 43,121.4787,99.2322,81.6869
2000 Q1,F: 41 to 43,123.1392,100.428,81.5564
2000 Q2,F: 41 to 43,118.8761,98.7834,83.0978
2000 Q3,F: 41 to 43,115.8451,96.1032,82.9584
2000 Q4,F: 41 to 43,119.0189,97.5427,81.9556
2001 Q1,F: 41 to 43,117.4339,96.8406,82.4639
2001 Q2,F: 41 to 43,117.9503,98.5173,83.5244
2001 Q3,F: 41 to 43,115.1057,97.3631,84.5858
2001 Q4,F: 41 to 43,114.8211,98.0973,85.4349
2002 Q1,F: 41 to 43,114.2375,97.6805,85.5066
2002 Q2,F: 41 to 43,114.0952,96.9079,84.936
2002 Q3,F: 41 to 43,116.0455,98.8507,85.1827
2002 Q4,F: 41 to 43,114.734,99.0046,86.2905
2003 Q1,F: 41 to 43,110.6603,95.4236,86.2311
2003 Q2,F: 41 to 43,110.4403,96.4591,87.3405
2003 Q3,F: 41 to 43,110.2629,97.2606,88.2078
2003 Q4,F: 41 to 43,110.7909,97.9819,88.4386
2004 Q1,F: 41 to 43,110.8346,99.2418,89.5405
2004 Q2,F: 41 to 43,107.5387,96.2443,89.4974
2004 Q3,F: 41 to 43,106.403,95.1992,89.4704
2004 Q4,F: 41 to 43,104.1779,94.5965,90.8028
2005 Q1,F: 41 to 43,104.5403,96.2571,92.0766
2005 Q2,F: 41 to 43,104.8461,96.4142,91.9578
2005 Q3,F: 41 to 43,101.9822,95.0453,93.1979
2005 Q4,F: 41 to 43,102.426,95.0453,92.7941
2006 Q1,F: 41 to 43,103.2214,95.959,92.9642
2006 Q2,F: 41 to 43,103.255,96.3148,93.2786
2006 Q3,F: 41 to 43,102.4842,96.0455,93.7174
2006 Q4,F: 41 to 43,102.4225,96.9624,94.669
2007 Q1,F: 41 to 43,101.4528,97.0426,95.6529
2007 Q2,F: 41 to 43,98.6142,95.4364,96.7775
2007 Q3,F: 41 to 43,95.8208,92.8685,96.9189
2007 Q4,F: 41 to 43,95.4426,92.7851,97.2156
2008 Q1,F: 41 to 43,95.4416,92.596,97.0185
2008 Q2,F: 41 to 43,93.6546,90.5474,96.6823
2008 Q3,F: 41 to 43,89.5963,87.1235,97.2401
2008 Q4,F: 41 to 43,83.4502,81.2535,97.3677
2009 Q1,F: 41 to 43,77.7548,74.9379,96.3772
2009 Q2,F: 41 to 43,78.4379,74.0979,94.4671
2009 Q3,F: 41 to 43,83.1267,76.1978,91.6646
2009 Q4,F: 41 to 43,84.2811,76.7428,91.0558
2010 Q1,F: 41 to 43,90.7991,79.9327,88.0324
2010 Q2,F: 41 to 43,96.3397,85.5109,88.7598
2010 Q3,F: 41 to 43,98.7024,88.0917,89.2498
2010 Q4,F: 41 to 43,97.7929,86.0046,87.9457
2011 Q1,F: 41 to 43,99.0159,86.9728,87.8372
2011 Q2,F: 41 to 43,99.4305,87.6204,88.1222
2011 Q3,F: 41 to 43,98.0792,86.7067,88.4048
2011 Q4,F: 41 to 43,100.4882,88.3385,87.9093
2012 Q1,F: 41 to 43,98.4278,86.3445,87.7237
2012 Q2,F: 41 to 43,98.1525,85.8956,87.5125
2012 Q3,F: 41 to 43,98.2361,85.3186,86.8506
2012 Q4,F: 41 to 43,100.0285,87.3351,87.3102
2013 Q1,F: 41 to 43,101.4409,88.1173,86.8657
2013 Q2,F: 41 to 43,102.9272,89.5119,86.9662
2013 Q3,F: 41 to 43,104.5246,91.5028,87.5418
2013 Q4,F: 41 to 43,103.5711,91.3841,88.2332
2014 Q1,F: 41 to 43,101.9942,91.8586,90.0626
2014 Q2,F: 41 to 43,103.6182,92.9582,89.7123
2014 Q3,F: 41 to 43,103.83,93.5866,90.1344
2014 Q4,F: 41 to 43,104.9224,94.5163,90.0821
2015 Q1,F: 41 to 43,104.9075,97.0874,92.5458
2015 Q2,F: 41 to 43,108.4598,98.3538,90.6823
2015 Q3,F: 41 to 43,105.4622,96.5777,91.5756
2015 Q4,F: 41 to 43,104.463,97.0714,92.9242
2016 Q1,F: 41 to 43,102.802,96.4655,93.8362
2016 Q2,F: 41 to 43,102.2644,96.1994,94.0693
2016 Q3,F: 41 to 43,101.0361,95.4075,94.4292
2016 Q4,F: 41 to 43,100.7314,96.286,95.5869
2017 Q1,F: 41 to 43,103.2706,100.0657,96.8966
2017 Q2,F: 41 to 43,102.1358,100.3831,98.284
2017 Q3,F: 41 to 43,100.6433,99.9567,99.3178
2017 Q4,F: 41 to 43,102.127,100.5017,98.4086
2018 Q1,F: 41 to 43,100.7573,98.3089,97.5699
2018 Q2,F: 41 to 43,99.945,98.2897,98.3438
2018 Q3,F: 41 to 43,99.6277,98.9212,99.2909
2018 Q4,F: 41 to 43,98.4713,98.6519,100.1834
2019 Q1,F: 41 to 43,99.6391,100.2292,100.5922
2019 Q2,F: 41 to 43,99.9289,99.649,99.7199
2019 Q3,F: 41 to 43,100.6022,100.4055,99.8045
2019 Q4,F: 41 to 43,99.8327,99.7163,99.8834
2020 Q1,F: 41 to 43,99.32,98.0332,98.7044
2020 Q2,F: 41 to 43,66.1047,63.3614,95.85
2020 Q3,F: 41 to 43,96.6762,89.9191,93.0106
2020 Q4,F: 41 to 43,103.1912,94.5291,91.6058
2021 Q1,F: 41 to 43,103.8198,95.5326,92.0177
2021 Q2,F: 41 to 43,105.5487,99.1777,93.9639
2021 Q3,F: 41 to 43,101.9725,97.6068,95.7188
2021 Q4,F: 41 to 43,103.7255,98.9917,95.4362
2022 Q1,F: 41 to 43,107.1084,101.8803,95.1188
2022 Q2,F: 41 to 43,108.9445,103.7814,95.2607
2022 Q3,F: 41 to 43,110.7429,104.3552,94.2319
2022 Q4,F: 41 to 43,112.5766,105.6792,93.8732
2023 Q1,F: 41 to 43,113.0454,106.1249,93.8781
1997 Q1,G: 45 to 47,90.6622,82.8903,91.4276
1997 Q2,G: 45 to 47,92.0951,85.1715,92.4822
1997 Q3,G: 45 to 47,92.3233,85.9339,93.0793
1997 Q4,G: 45 to 47,90.6724,84.2745,92.9439
1998 Q1,G: 45 to 47,85.2564,79.1961,92.8917
1998 Q2,G: 45 to 47,87.1135,81.4407,93.488
1998 Q3,G: 45 to 47,89.7142,85.2062,94.9752
1998 Q4,G: 45 to 47,89.8804,86.1418,95.8404
1999 Q1,G: 45 to 47,84.3778,81.3772,96.4438
1999 Q2,G: 45 to 47,82.3432,79.4329,96.4656
1999 Q3,G: 45 to 47,84.1522,80.8998,96.1351
1999 Q4,G: 45 to 47,88.5519,84.8058,95.7696
2000 Q1,G: 45 to 47,94.4499,90.3154,95.6225
2000 Q2,G: 45 to 47,93.3155,89.2258,95.6173
2000 Q3,G: 45 to 47,90.038,86.5846,96.1645
2000 Q4,G: 45 to 47,86.163,83.1483,96.5012
2001 Q1,G: 45 to 47,85.5826,83.4409,97.4975
2001 Q2,G: 45 to 47,86.2925,84.3669,97.7685
2001 Q3,G: 45 to 47,88.8172,86.4517,97.3368
2001 Q4,G: 45 to 47,90.8817,88.5231,97.4048
2002 Q1,G: 45 to 47,89.3577,87.0716,97.4416
2002 Q2,G: 45 to 47,87.0996,85.6182,98.2991
2002 Q3,G: 45 to 47,86.7315,85.3082,98.359
2002 Q4,G: 45 to 47,85.6755,84.5363,98.6703
2003 Q1,G: 45 to 47,85.2321,83.566,98.0453
2003 Q2,G: 45 to 47,87.5682,85.7934,97.9732
2003 Q3,G: 45 to 47,88.297,86.831,98.3396
2003 Q4,G: 45 to 47,87.7042,86.5441,98.6774
2004 Q1,G: 45 to 47,87.5972,86.883,99.1847
2004 Q2,G: 45 to 47,87.8811,86.8464,98.8226
2004 Q3,G: 45 to 47,88.0747,87.2583,99.0731
2004 Q4,G: 45 to 47,88.5679,88.2209,99.6082
2005 Q1,G: 45 to 47,90.1198,89.5588,99.3775
2005 Q2,G: 45 to 47,91.5035,90.5579,98.9666
2005 Q3,G: 45 to 47,91.6153,91.0296,99.3607
2005 Q4,G: 45 to 47,95.5477,93.6111,97.9732
2006 Q1,G: 45 to 47,98.5587,96.4333,97.8435
2006 Q2,G: 45 to 47,98.7267,95.9424,97.1797
2006 Q3,G: 45 to 47,97.9205,94.7604,96.7728
2006 Q4,G: 45 to 47,98.5395,94.9606,96.368
2007 Q1,G: 45 to 47,97.9699,94.5409,96.5
2007 Q2,G: 45 to 47,97.3099,94.7296,97.3484
2007 Q3,G: 45 to 47,98.1917,96.0387,97.8073
2007 Q4,G: 45 to 47,98.3553,96.801,98.4197
2008 Q1,G: 45 to 47,98.6764,97.9657,99.2797
2008 Q2,G: 45 to 47,98.8966,98.2025,99.2982
2008 Q3,G: 45 to 47,94.2671,92.9431,98.5955
2008 Q4,G: 45 to 47,88.612,86.8387,97.9987
2009 Q1,G: 45 to 47,86.0458,83.3774,96.8989
2009 Q2,G: 45 to 47,85.5343,81.7237,95.545
2009 Q3,G: 45 to 47,86.1752,82.6073,95.8598
2009 Q4,G: 45 to 47,90.3475,85.9166,95.0957
2010 Q1,G: 45 to 47,93.5977,88.577,94.6359
2010 Q2,G: 45 to 47,95.1363,90.9949,95.647
2010 Q3,G: 45 to 47,96.207,92.8815,96.5434
2010 Q4,G: 45 to 47,95.9458,92.9123,96.8383
2011 Q1,G: 45 to 47,95.9775,92.9547,96.8505
2011 Q2,G: 45 to 47,95.8538,92.0075,95.9874
2011 Q3,G: 45 to 47,96.061,91.5879,95.3435
2011 Q4,G: 45 to 47,95.9399,91.7515,95.6343
2012 Q1,G: 45 to 47,96.4696,92.947,96.3485
2012 Q2,G: 45 to 47,94.7913,91.8747,96.9231
2012 Q3,G: 45 to 47,95.4685,92.5042,96.895
2012 Q4,G: 45 to 47,93.7643,91.0873,97.145
2013 Q1,G: 45 to 47,93.1794,90.6638,97.3003
2013 Q2,G: 45 to 47,92.4815,90.0131,97.3309
2013 Q3,G: 45 to 47,93.3511,91.0431,97.5276
2013 Q4,G: 45 to 47,94.6041,92.304,97.5687
2014 Q1,G: 45 to 47,98.629,96.1349,97.4713
2014 Q2,G: 45 to 47,99.461,97.417,97.9449
2014 Q3,G: 45 to 47,99.3254,97.8694,98.5342
2014 Q4,G: 45 to 47,98.9698,97.7693,98.787
2015 Q1,G: 45 to 47,97.678,97.1995,99.5101
2015 Q2,G: 45 to 47,98.8663,98.3391,99.4668
2015 Q3,G: 45 to 47,98.2736,98.2737,100.0001
2015 Q4,G: 45 to 47,97.5882,97.8136,100.231
2016 Q1,G: 45 to 47,98.2448,97.6808,99.4259
2016 Q2,G: 45 to 47,98.2753,97.9811,99.7006
2016 Q3,G: 45 to 47,98.6214,98.5182,99.8953
2016 Q4,G: 45 to 47,100.6422,100.1256,99.4867
2017 Q1,G: 45 to 47,100.4124,99.7695,99.3597
2017 Q2,G: 45 to 47,101.1997,101.144,99.9449
2017 Q3,G: 45 to 47,102.5339,102.0103,99.4893
2017 Q4,G: 45 to 47,101.4204,101.529,100.1071
2018 Q1,G: 45 to 47,97.3484,97.8117,100.4759
2018 Q2,G: 45 to 47,99.5068,99.9254,100.4207
2018 Q3,G: 45 to 47,101.1535,101.5386,100.3807
2018 Q4,G: 45 to 47,101.9799,102.2143,100.2298
2019 Q1,G: 45 to 47,100.2175,100.5434,100.3252
2019 Q2,G: 45 to 47,101.3422,101.3461,100.0038
2019 Q3,G: 45 to 47,100.5474,100.32,99.7739
2019 Q4,G: 45 to 47,97.8912,97.7905,99.8971
2020 Q1,G: 45 to 47,90.0808,89.7995,99.6877
2020 Q2,G: 45 to 47,69.4603,68.9739,99.2998
2020 Q3,G: 45 to 47,86.4021,85.2158,98.627
2020 Q4,G: 45 to 47,84.1795,82.2204,97.6728
2021 Q1,G: 45 to 47,80.5179,78.6455,97.6745
2021 Q2,G: 45 to 47,91.112,87.8917,96.4656
2021 Q3,G: 45 to 47,89.0454,86.5172,97.1607
2021 Q4,G: 45 to 47,88.2839,85.3737,96.7036
2022 Q1,G: 45 to 47,86.5046,83.3235,96.3225
2022 Q2,G: 45 to 47,85.9434,82.3975,95.8741
2022 Q3,G: 45 to 47,85.7705,81.6833,95.2348
2022 Q4,G: 45 to 47,86.3358,82.1087,95.104
2023 Q1,G: 45 to 47,86.1926,82.024,95.1637
1997 Q1,H: 49 to 53,97.7376,74.5689,76.295
1997 Q2,H: 49 to 53,98.8204,76.5005,77.4136
1997 Q3,H: 49 to 53,101.8867,78.5064,77.0527
1997 Q4,H: 49 to 53,110.0869,83.3426,75.7062
1998 Q1,H: 49 to 53,108.0165,82.9951,76.8356
1998 Q2,H: 49 to 53,108.3919,84.574,78.0261
1998 Q3,H: 49 to 53,107.4422,85.4529,79.5339
1998 Q4,H: 49 to 53,108.7077,87.012,80.0422
1999 Q1,H: 49 to 53,111.1069,88.9634,80.0701
1999 Q2,H: 49 to 53,111.4063,89.9217,80.7151
1999 Q3,H: 49 to 53,110.7916,90.2295,81.4408
1999 Q4,H: 49 to 53,107.0391,88.3129,82.5053
2000 Q1,H: 49 to 53,107.9042,89.3457,82.8009
2000 Q2,H: 49 to 53,109.3554,89.6535,81.9837
2000 Q3,H: 49 to 53,114.1542,93.7549,82.1301
2000 Q4,H: 49 to 53,111.1753,92.9704,83.625
2001 Q1,H: 49 to 53,107.5098,90.1054,83.8113
2001 Q2,H: 49 to 53,107.3096,90.5622,84.3933
2001 Q3,H: 49 to 53,107.4768,90.5672,84.2667
2001 Q4,H: 49 to 53,102.7563,86.1629,83.8517
2002 Q1,H: 49 to 53,99.3504,83.5065,84.0525
2002 Q2,H: 49 to 53,99.3536,83.859,84.4046
2002 Q3,H: 49 to 53,100.3459,85.3536,85.0593
2002 Q4,H: 49 to 53,99.4456,85.5621,86.0391
2003 Q1,H: 49 to 53,101.0928,86.8184,85.8799
2003 Q2,H: 49 to 53,102.8362,87.8909,85.4669
2003 Q3,H: 49 to 53,104.3168,88.0795,84.4347
2003 Q4,H: 49 to 53,106.0285,88.4768,83.4462
2004 Q1,H: 49 to 53,107.8562,90.2941,83.7171
2004 Q2,H: 49 to 53,108.908,91.585,84.094
2004 Q3,H: 49 to 53,108.0641,91.4907,84.6634
2004 Q4,H: 49 to 53,111.4022,94.2316,84.5868
2005 Q1,H: 49 to 53,109.0344,92.4093,84.7524
2005 Q2,H: 49 to 53,106.0712,90.3338,85.1634
2005 Q3,H: 49 to 53,105.3091,90.7161,86.1427
2005 Q4,H: 49 to 53,109.0542,93.7896,86.0028
2006 Q1,H: 49 to 53,107.8865,93.7648,86.9106
2006 Q2,H: 49 to 53,111.4581,96.7341,86.7896
2006 Q3,H: 49 to 53,110.6687,95.8304,86.5921
2006 Q4,H: 49 to 53,110.5263,95.453,86.3622
2007 Q1,H: 49 to 53,109.6096,94.1223,85.8705
2007 Q2,H: 49 to 53,111.3721,95.7261,85.9516
2007 Q3,H: 49 to 53,113.749,97.742,85.9278
2007 Q4,H: 49 to 53,114.0729,99.1571,86.9244
2008 Q1,H: 49 to 53,116.7421,101.7292,87.1401
2008 Q2,H: 49 to 53,117.9553,102.9208,87.2541
2008 Q3,H: 49 to 53,115.5773,98.8096,85.4922
2008 Q4,H: 49 to 53,108.9153,93.0399,85.424
2009 Q1,H: 49 to 53,102.321,88.1739,86.1738
2009 Q2,H: 49 to 53,97.1088,84.1818,86.6881
2009 Q3,H: 49 to 53,99.5903,87.161,87.5195
2009 Q4,H: 49 to 53,104.2287,90.3884,86.7212
2010 Q1,H: 49 to 53,105.4331,89.7578,85.1325
2010 Q2,H: 49 to 53,109.657,92.6079,84.4523
2010 Q3,H: 49 to 53,112.3613,94.8522,84.4171
2010 Q4,H: 49 to 53,112.9621,94.7827,83.9067
2011 Q1,H: 49 to 53,112.3445,95.7013,85.1856
2011 Q2,H: 49 to 53,113.2612,95.9893,84.7504
2011 Q3,H: 49 to 53,113.5991,95.1402,83.7508
2011 Q4,H: 49 to 53,113.6838,95.3041,83.8325
2012 Q1,H: 49 to 53,112.1622,94.6387,84.3766
2012 Q2,H: 49 to 53,111.9911,95.2842,85.082
2012 Q3,H: 49 to 53,112.206,96.2822,85.8084
2012 Q4,H: 49 to 53,113.4774,97.4391,85.8666
2013 Q1,H: 49 to 53,115.0773,97.9704,85.1345
2013 Q2,H: 49 to 53,115.9166,98.0449,84.5823
2013 Q3,H: 49 to 53,113.9199,97.6527,85.7204
2013 Q4,H: 49 to 53,116.3517,98.3627,84.5391
2014 Q1,H: 49 to 53,116.3373,99.3508,85.3989
2014 Q2,H: 49 to 53,115.7739,99.4451,85.896
2014 Q3,H: 49 to 53,116.8795,99.7381,85.3341
2014 Q4,H: 49 to 53,113.832,97.9853,86.0789
2015 Q1,H: 49 to 53,106.4663,92.1561,86.5589
2015 Q2,H: 49 to 53,104.7947,92.3745,88.1481
2015 Q3,H: 49 to 53,102.9334,92.7618,90.1183
2015 Q4,H: 49 to 53,101.1203,92.454,91.4297
2016 Q1,H: 49 to 53,100.5046,93.4421,92.973
2016 Q2,H: 49 to 53,100.2982,94.306,94.0256
2016 Q3,H: 49 to 53,98.5323,94.2465,95.6503
2016 Q4,H: 49 to 53,98.0794,93.7599,95.5959
2017 Q1,H: 49 to 53,99.8376,94.7231,94.8772
2017 Q2,H: 49 to 53,99.6489,94.1422,94.4738
2017 Q3,H: 49 to 53,101.7053,95.0856,93.4912
2017 Q4,H: 49 to 53,103.6783,96.6397,93.2112
2018 Q1,H: 49 to 53,102.6285,96.3468,93.8792
2018 Q2,H: 49 to 53,103.056,97.5533,94.6605
2018 Q3,H: 49 to 53,102.4176,98.3776,96.0554
2018 Q4,H: 49 to 53,102.2547,100.4233,98.209
2019 Q1,H: 49 to 53,102.4101,101.4511,99.0636
2019 Q2,H: 49 to 53,100.6404,101.6497,101.0029
2019 Q3,H: 49 to 53,100.5937,100.3389,99.7466
2019 Q4,H: 49 to 53,96.3802,96.5603,100.1868
2020 Q1,H: 49 to 53,85.5189,85.9693,100.5266
2020 Q2,H: 49 to 53,49.711,49.4644,99.5039
2020 Q3,H: 49 to 53,70.924,71.1975,100.3856
2020 Q4,H: 49 to 53,75.1351,74.4696,99.1143
2021 Q1,H: 49 to 53,72.4515,72.563,100.1539
2021 Q2,H: 49 to 53,74.4542,75.3386,101.1878
2021 Q3,H: 49 to 53,79.0429,79.6087,100.7158
2021 Q4,H: 49 to 53,83.4469,83.9087,100.5535
2022 Q1,H: 49 to 53,85.0936,86.1331,101.2216
2022 Q2,H: 49 to 53,85.377,86.8928,101.7755
2022 Q3,H: 49 to 53,85.5881,89.4301,104.489
2022 Q4,H: 49 to 53,81.4467,86.8382,106.6197
2023 Q1,H: 49 to 53,80.209,85.8749,107.064
1997 Q1,I: 55 and 56,114.8864,79.3804,69.0947
1997 Q2,I: 55 and 56,115.8781,79.9419,68.9879
1997 Q3,I: 55 and 56,114.1626,79.0369,69.2319
1997 Q4,I: 55 and 56,117.1665,81.6527,69.6895
1998 Q1,I: 55 and 56,111.1983,77.3789,69.5864
1998 Q2,I: 55 and 56,111.8354,78.3499,70.0582
1998 Q3,I: 55 and 56,113.867,80.3845,70.5951
1998 Q4,I: 55 and 56,116.7884,82.9805,71.052
1999 Q1,I: 55 and 56,113.7245,81.2234,71.4212
1999 Q2,I: 55 and 56,112.6218,81.732,72.5721
1999 Q3,I: 55 and 56,111.8509,81.1507,72.5526
1999 Q4,I: 55 and 56,111.0324,80.7279,72.7067
2000 Q1,I: 55 and 56,111.4725,81.6924,73.2848
2000 Q2,I: 55 and 56,111.0637,81.2696,73.1739
2000 Q3,I: 55 and 56,112.2928,82.0887,73.1024
2000 Q4,I: 55 and 56,112.0294,81.5669,72.8084
2001 Q1,I: 55 and 56,110.7891,80.2523,72.4371
2001 Q2,I: 55 and 56,110.9464,80.7015,72.7392
2001 Q3,I: 55 and 56,110.1069,80.5364,73.1438
2001 Q4,I: 55 and 56,108.6097,80.1731,73.8176
2002 Q1,I: 55 and 56,106.6601,79.1029,74.1636
2002 Q2,I: 55 and 56,108.3822,81.2432,74.9599
2002 Q3,I: 55 and 56,111.4843,83.9713,75.3212
2002 Q4,I: 55 and 56,113.1375,85.92,75.943
2003 Q1,I: 55 and 56,110.4558,84.1959,76.2259
2003 Q2,I: 55 and 56,110.3778,84.2554,76.3336
2003 Q3,I: 55 and 56,110.5847,85.4444,77.266
2003 Q4,I: 55 and 56,110.4415,85.4114,77.3363
2004 Q1,I: 55 and 56,112.9152,89.2361,79.0292
2004 Q2,I: 55 and 56,111.7939,88.6283,79.2783
2004 Q3,I: 55 and 56,111.6679,88.417,79.1785
2004 Q4,I: 55 and 56,112.4628,89.0907,79.218
2005 Q1,I: 55 and 56,113.3908,90.3128,79.6473
2005 Q2,I: 55 and 56,114.9769,90.8809,79.0427
2005 Q3,I: 55 and 56,114.5089,90.1014,78.6851
2005 Q4,I: 55 and 56,115.6244,90.6365,78.3887
2006 Q1,I: 55 and 56,114.6657,89.7909,78.3067
2006 Q2,I: 55 and 56,111.9967,88.6548,79.1584
2006 Q3,I: 55 and 56,109.0271,87.3138,80.0845
2006 Q4,I: 55 and 56,105.2321,84.4998,80.2985
2007 Q1,I: 55 and 56,106.8761,85.8473,80.3242
2007 Q2,I: 55 and 56,108.7729,87.0628,80.0409
2007 Q3,I: 55 and 56,109.7735,87.5318,79.7385
2007 Q4,I: 55 and 56,108.1958,88.2452,81.5606
2008 Q1,I: 55 and 56,110.0714,89.8768,81.6532
2008 Q2,I: 55 and 56,105.383,86.0984,81.7005
2008 Q3,I: 55 and 56,104.265,84.7244,81.2587
2008 Q4,I: 55 and 56,101.5619,82.1416,80.8783
2009 Q1,I: 55 and 56,100.6539,80.6751,80.151
2009 Q2,I: 55 and 56,101.438,80.7213,79.577
2009 Q3,I: 55 and 56,97.866,77.511,79.2011
2009 Q4,I: 55 and 56,99.8638,79.0501,79.1579
2010 Q1,I: 55 and 56,102.1471,80.5892,78.8952
2010 Q2,I: 55 and 56,103.4615,81.8245,79.0869
2010 Q3,I: 55 and 56,105.7835,83.7732,79.193
2010 Q4,I: 55 and 56,104.7954,82.8418,79.051
2011 Q1,I: 55 and 56,106.8646,85.0943,79.6281
2011 Q2,I: 55 and 56,108.134,87.0958,80.5444
2011 Q3,I: 55 and 56,108.5504,87.4129,80.5275
2011 Q4,I: 55 and 56,106.5937,85.8011,80.4936
2012 Q1,I: 55 and 56,105.0041,85.3189,81.2529
2012 Q2,I: 55 and 56,104.1255,85.2066,81.8306
2012 Q3,I: 55 and 56,107.1579,88.7538,82.8253
2012 Q4,I: 55 and 56,110.0466,90.8412,82.5479
2013 Q1,I: 55 and 56,116.728,94.798,81.2128
2013 Q2,I: 55 and 56,114.3621,95.2274,83.2683
2013 Q3,I: 55 and 56,111.2108,94.296,84.7903
2013 Q4,I: 55 and 56,104.8858,90.9271,86.6916
2014 Q1,I: 55 and 56,101.4901,88.5689,87.2685
2014 Q2,I: 55 and 56,103.8982,91.1319,87.7127
2014 Q3,I: 55 and 56,104.2105,91.8189,88.1091
2014 Q4,I: 55 and 56,102.5865,91.6207,89.3107
2015 Q1,I: 55 and 56,97.5703,87.5318,89.7115
2015 Q2,I: 55 and 56,97.4639,87.5912,89.8704
2015 Q3,I: 55 and 56,97.3568,88.5491,90.9532
2015 Q4,I: 55 and 56,99.2252,91.4225,92.1364
2016 Q1,I: 55 and 56,99.6053,91.8717,92.2357
2016 Q2,I: 55 and 56,99.345,92.4728,93.0825
2016 Q3,I: 55 and 56,99.613,94.3555,94.722
2016 Q4,I: 55 and 56,101.6661,96.7599,95.1742
2017 Q1,I: 55 and 56,104.1262,99.6862,95.736
2017 Q2,I: 55 and 56,103.884,99.7523,96.0227
2017 Q3,I: 55 and 56,103.4905,98.8473,95.5135
2017 Q4,I: 55 and 56,99.8225,94.95,95.1188
2018 Q1,I: 55 and 56,96.1006,92.235,95.9776
2018 Q2,I: 55 and 56,97.3191,95.3793,98.0068
2018 Q3,I: 55 and 56,99.8613,97.7574,97.8931
2018 Q4,I: 55 and 56,102.9322,101.1065,98.2263
2019 Q1,I: 55 and 56,103.7705,102.1832,98.4703
2019 Q2,I: 55 and 56,99.4418,99.8448,100.4052
2019 Q3,I: 55 and 56,99.2702,99.4748,100.2062
2019 Q4,I: 55 and 56,97.6009,98.4972,100.9183
2020 Q1,I: 55 and 56,89.7148,91.0262,101.4617
2020 Q2,I: 55 and 56,15.8982,15.3252,96.3953
2020 Q3,I: 55 and 56,84.3797,78.6009,93.1515
2020 Q4,I: 55 and 56,60.37,54.7743,90.7309
2021 Q1,I: 55 and 56,45.0956,40.3475,89.4709
2021 Q2,I: 55 and 56,82.3947,77.0222,93.4795
2021 Q3,I: 55 and 56,101.9923,99.9372,97.9851
2021 Q4,I: 55 and 56,97.5027,96.4693,98.9401
2022 Q1,I: 55 and 56,103.5601,102.7116,99.1807
2022 Q2,I: 55 and 56,108.4601,108.3595,99.9073
2022 Q3,I: 55 and 56,105.5792,106.8071,101.163
2022 Q4,I: 55 and 56,104.1839,106.6882,102.4038
2023 Q1,I: 55 and 56,102.8773,106.5627,103.5824
1997 Q1,J: 58 to 63,12.803,8.8762,69.3294
1997 Q2,J: 58 to 63,13.2294,9.4051,71.0921
1997 Q3,J: 58 to 63,13.2139,9.4465,71.4892
1997 Q4,J: 58 to 63,14.2451,10.243,71.9056
1998 Q1,J: 58 to 63,14.5498,10.6381,73.115
1998 Q2,J: 58 to 63,15.6186,11.5174,73.7416
1998 Q3,J: 58 to 63,16.8536,12.5051,74.1981
1998 Q4,J: 58 to 63,17.6542,13.2347,74.9661
1999 Q1,J: 58 to 63,18.004,13.5405,75.2086
1999 Q2,J: 58 to 63,17.8773,13.5087,75.5631
1999 Q3,J: 58 to 63,19.234,14.6047,75.9315
1999 Q4,J: 58 to 63,20.3769,15.4553,75.8473
2000 Q1,J: 58 to 63,22.2242,16.9368,76.2089
2000 Q2,J: 58 to 63,23.8178,18.3036,76.8484
2000 Q3,J: 58 to 63,24.6691,19.2371,77.9807
2000 Q4,J: 58 to 63,25.2954,20.0177,79.1357
2001 Q1,J: 58 to 63,25.2937,20.1292,79.5818
2001 Q2,J: 58 to 63,25.5432,20.3618,79.715
2001 Q3,J: 58 to 63,26.0652,20.7696,79.6832
2001 Q4,J: 58 to 63,27.0624,21.5438,79.6078
2002 Q1,J: 58 to 63,28.3994,22.6971,79.9212
2002 Q2,J: 58 to 63,28.3395,22.7035,80.1124
2002 Q3,J: 58 to 63,28.498,22.9297,80.4608
2002 Q4,J: 58 to 63,29.7522,24.2073,81.363
2003 Q1,J: 58 to 63,32.7029,26.5936,81.3188
2003 Q2,J: 58 to 63,33.1353,27.0747,81.7095
2003 Q3,J: 58 to 63,32.8637,26.9632,82.0455
2003 Q4,J: 58 to 63,34.4208,27.7119,80.5091
2004 Q1,J: 58 to 63,36.2114,29.0659,80.2674
2004 Q2,J: 58 to 63,36.934,29.5407,79.9823
2004 Q3,J: 58 to 63,38.3811,30.5315,79.5483
2004 Q4,J: 58 to 63,38.0284,30.4104,79.9677
2005 Q1,J: 58 to 63,38.9686,31.4523,80.7117
2005 Q2,J: 58 to 63,39.6281,32.1309,81.081
2005 Q3,J: 58 to 63,41.2566,33.4945,81.1858
2005 Q4,J: 58 to 63,42.5405,34.6192,81.3792
2006 Q1,J: 58 to 63,42.0061,34.5491,82.2478
2006 Q2,J: 58 to 63,41.6822,34.4376,82.6194
2006 Q3,J: 58 to 63,41.6439,34.7689,83.491
2006 Q4,J: 58 to 63,42.205,35.4826,84.0719
2007 Q1,J: 58 to 63,43.4898,36.7952,84.6064
2007 Q2,J: 58 to 63,45.99,39.0222,84.8493
2007 Q3,J: 58 to 63,47.3491,40.2488,85.0045
2007 Q4,J: 58 to 63,47.8711,40.6407,84.8962
2008 Q1,J: 58 to 63,48.0781,40.3508,83.9276
2008 Q2,J: 58 to 63,49.5733,41.6252,83.967
2008 Q3,J: 58 to 63,49.4367,41.3225,83.5867
2008 Q4,J: 58 to 63,50.6238,41.6698,82.3127
2009 Q1,J: 58 to 63,52.3356,42.6638,81.5196
2009 Q2,J: 58 to 63,52.8684,42.8072,80.9693
2009 Q3,J: 58 to 63,54.0083,43.5463,80.629
2009 Q4,J: 58 to 63,54.3611,44.1389,81.1959
2010 Q1,J: 58 to 63,56.0842,45.0215,80.2748
2010 Q2,J: 58 to 63,56.5113,45.2572,80.0853
2010 Q3,J: 58 to 63,56.6685,46.0728,81.3024
2010 Q4,J: 58 to 63,60.0641,47.8379,79.6447
2011 Q1,J: 58 to 63,59.4363,49.4341,83.1715
2011 Q2,J: 58 to 63,60.1699,50.5715,84.0479
2011 Q3,J: 58 to 63,62.801,52.6456,83.8292
2011 Q4,J: 58 to 63,62.4034,52.4257,84.0111
2012 Q1,J: 58 to 63,65.5575,54.9045,83.7501
2012 Q2,J: 58 to 63,63.9464,53.5536,83.7477
2012 Q3,J: 58 to 63,63.4075,53.6173,84.5598
2012 Q4,J: 58 to 63,63.8091,54.7197,85.7552
2013 Q1,J: 58 to 63,64.022,55.7233,87.0377
2013 Q2,J: 58 to 63,63.9884,55.4875,86.7149
2013 Q3,J: 58 to 63,66.7556,57.8356,86.6378
2013 Q4,J: 58 to 63,67.3489,59.1546,87.833
2014 Q1,J: 58 to 63,67.2658,60.4704,89.8977
2014 Q2,J: 58 to 63,69.6817,63.6086,91.2845
2014 Q3,J: 58 to 63,70.5632,65.1475,92.325
2014 Q4,J: 58 to 63,71.2207,66.1319,92.8549
2015 Q1,J: 58 to 63,72.4922,67.5752,93.2172
2015 Q2,J: 58 to 63,74.3992,69.4454,93.3416
2015 Q3,J: 58 to 63,74.8381,70.1814,93.7776
2015 Q4,J: 58 to 63,77.1563,72.7939,94.3461
2016 Q1,J: 58 to 63,80.5637,75.0528,93.1595
2016 Q2,J: 58 to 63,81.5295,77.2161,94.7093
2016 Q3,J: 58 to 63,83.5105,79.4909,95.1867
2016 Q4,J: 58 to 63,84.0989,80.1281,95.2784
2017 Q1,J: 58 to 63,81.2563,78.6211,96.7569
2017 Q2,J: 58 to 63,80.084,79.4112,99.1599
2017 Q3,J: 58 to 63,81.4212,81.2559,99.797
2017 Q4,J: 58 to 63,84.7782,84.203,99.3215
2018 Q1,J: 58 to 63,87.3231,86.5957,99.167
2018 Q2,J: 58 to 63,91.9628,90.6132,98.5324
2018 Q3,J: 58 to 63,93.9959,93.1588,99.1095
2018 Q4,J: 58 to 63,96.5014,95.9785,99.4581
2019 Q1,J: 58 to 63,99.7706,98.8459,99.0731
2019 Q2,J: 58 to 63,100.3645,100.0024,99.6392
2019 Q3,J: 58 to 63,100.6405,100.5185,99.8788
2019 Q4,J: 58 to 63,99.2351,100.6332,101.4089
2020 Q1,J: 58 to 63,98.1627,101.6846,103.5878
2020 Q2,J: 58 to 63,92.4294,94.5065,102.2472
2020 Q3,J: 58 to 63,96.0665,98.3552,102.3824
2020 Q4,J: 58 to 63,97.6865,99.738,102.1001
2021 Q1,J: 58 to 63,99.4641,100.7447,101.2875
2021 Q2,J: 58 to 63,103.3205,104.4182,101.0624
2021 Q3,J: 58 to 63,103.1215,104.8611,101.6869
2021 Q4,J: 58 to 63,102.5166,107.5246,104.8851
2022 Q1,J: 58 to 63,107.3488,113.1319,105.3873
2022 Q2,J: 58 to 63,106.0059,113.8583,107.4076
2022 Q3,J: 58 to 63,104.7963,113.9029,108.6899
2022 Q4,J: 58 to 63,106.6385,115.2984,108.1209
2023 Q1,J: 58 to 63,106.99,116.8341,109.2009
1997 Q1,K: 64 to 66,70.0277,69.5613,99.334
1997 Q2,K: 64 to 66,68.1324,67.9884,99.7886
1997 Q3,K: 64 to 66,67.269,67.7242,100.6767
1997 Q4,K: 64 to 66,64.7228,64.9332,100.325
1998 Q1,K: 64 to 66,74.2335,74.6444,100.5536
1998 Q2,K: 64 to 66,70.5464,70.8357,100.4102
1998 Q3,K: 64 to 66,67.8505,67.9835,100.196
1998 Q4,K: 64 to 66,63.916,64.077,100.2519
1999 Q1,K: 64 to 66,65.1069,65.7379,100.9693
1999 Q2,K: 64 to 66,65.9569,67.5995,102.4904
1999 Q3,K: 64 to 66,66.5665,68.8152,103.3781
1999 Q4,K: 64 to 66,70.3726,73.3895,104.2871
2000 Q1,K: 64 to 66,72.9161,75.5079,103.5545
2000 Q2,K: 64 to 66,71.0698,73.0544,102.7925
2000 Q3,K: 64 to 66,69.1145,71.3592,103.2478
2000 Q4,K: 64 to 66,66.6366,69.3191,104.0255
2001 Q1,K: 64 to 66,67.4574,70.4174,104.388
2001 Q2,K: 64 to 66,66.9701,70.6694,105.5238
2001 Q3,K: 64 to 66,68.4541,72.597,106.0521
2001 Q4,K: 64 to 66,69.9453,74.3729,106.33
2002 Q1,K: 64 to 66,70.6522,75.6082,107.0147
2002 Q2,K: 64 to 66,71.296,76.0583,106.6796
2002 Q3,K: 64 to 66,72.2388,76.6625,106.1237
2002 Q4,K: 64 to 66,73.4286,78.0715,106.3229
2003 Q1,K: 64 to 66,73.7769,78.3895,106.252
2003 Q2,K: 64 to 66,75.4165,79.8033,105.8168
2003 Q3,K: 64 to 66,76.834,81.1267,105.587
2003 Q4,K: 64 to 66,74.8806,78.3234,104.5978
2004 Q1,K: 64 to 66,72.8713,75.7452,103.9438
2004 Q2,K: 64 to 66,75.5405,77.9173,103.1465
2004 Q3,K: 64 to 66,80.5856,82.6922,102.6141
2004 Q4,K: 64 to 66,84.0409,85.7964,102.0888
2005 Q1,K: 64 to 66,87.6728,90.2778,102.9712
2005 Q2,K: 64 to 66,90.9726,93.311,102.5704
2005 Q3,K: 64 to 66,91.9049,94.3066,102.6132
2005 Q4,K: 64 to 66,88.761,90.9015,102.4115
2006 Q1,K: 64 to 66,85.8812,87.883,102.3309
2006 Q2,K: 64 to 66,86.731,88.8443,102.4366
2006 Q3,K: 64 to 66,87.2723,89.7616,102.8524
2006 Q4,K: 64 to 66,90.3214,93.4309,103.4426
2007 Q1,K: 64 to 66,102.7551,106.6401,103.7808
2007 Q2,K: 64 to 66,104.5901,109.2355,104.4415
2007 Q3,K: 64 to 66,106.9574,112.6576,105.3295
2007 Q4,K: 64 to 66,108.99,115.6909,106.1481
2008 Q1,K: 64 to 66,107.3958,114.5558,106.667
2008 Q2,K: 64 to 66,105.8187,112.8802,106.6732
2008 Q3,K: 64 to 66,104.7631,111.4541,106.3868
2008 Q4,K: 64 to 66,104.704,111.5642,106.552
2009 Q1,K: 64 to 66,102.0949,109.3113,107.0683
2009 Q2,K: 64 to 66,102.1094,106.3661,104.1688
2009 Q3,K: 64 to 66,101.3362,104.1548,102.7814
2009 Q4,K: 64 to 66,102.2333,102.3887,100.1519
2010 Q1,K: 64 to 66,102.7664,101.3246,98.597
2010 Q2,K: 64 to 66,103.0258,102.1171,99.118
2010 Q3,K: 64 to 66,102.4715,102.4303,99.9597
2010 Q4,K: 64 to 66,99.4111,100.4366,101.0316
2011 Q1,K: 64 to 66,96.1441,97.8046,101.7271
2011 Q2,K: 64 to 66,95.8715,97.3276,101.5187
2011 Q3,K: 64 to 66,99.3734,100.1578,100.7893
2011 Q4,K: 64 to 66,101.1943,101.2414,100.0465
2012 Q1,K: 64 to 66,99.4376,100.5736,101.1424
2012 Q2,K: 64 to 66,100.4813,102.7605,102.2683
2012 Q3,K: 64 to 66,99.0889,101.4738,102.4069
2012 Q4,K: 64 to 66,94.4914,97.1661,102.8306
2013 Q1,K: 64 to 66,94.7829,96.5301,101.8434
2013 Q2,K: 64 to 66,95.9755,95.9064,99.928
2013 Q3,K: 64 to 66,96.3221,95.515,99.162
2013 Q4,K: 64 to 66,95.2808,94.6123,99.2985
2014 Q1,K: 64 to 66,93.3887,92.4989,99.0472
2014 Q2,K: 64 to 66,94.9049,94.9475,100.0448
2014 Q3,K: 64 to 66,94.1319,95.2532,101.1912
2014 Q4,K: 64 to 66,97.9037,97.0414,99.1192
2015 Q1,K: 64 to 66,96.8231,95.7767,98.9193
2015 Q2,K: 64 to 66,90.473,89.3629,98.773
2015 Q3,K: 64 to 66,88.1418,87.0855,98.8016
2015 Q4,K: 64 to 66,92.7832,91.3149,98.4175
2016 Q1,K: 64 to 66,94.7203,93.6192,98.8375
2016 Q2,K: 64 to 66,96.1244,94.7126,98.5313
2016 Q3,K: 64 to 66,99.3452,99.7664,100.424
2016 Q4,K: 64 to 66,101.8822,100.3804,98.5259
2017 Q1,K: 64 to 66,104.3076,101.8383,97.6326
2017 Q2,K: 64 to 66,104.8649,103.7267,98.9146
2017 Q3,K: 64 to 66,105.5104,104.2575,98.8125
2017 Q4,K: 64 to 66,105.7449,104.2869,98.6212
2018 Q1,K: 64 to 66,107.0037,106.6156,99.6374
2018 Q2,K: 64 to 66,104.4745,103.8515,99.4037
2018 Q3,K: 64 to 66,101.8886,101.1974,99.3216
2018 Q4,K: 64 to 66,99.4222,98.6436,99.2169
2019 Q1,K: 64 to 66,99.9097,98.8051,98.8944
2019 Q2,K: 64 to 66,98.8597,98.6656,99.8037
2019 Q3,K: 64 to 66,100.8864,101.2439,100.3544
2019 Q4,K: 64 to 66,100.3347,101.2855,100.9476
2020 Q1,K: 64 to 66,100.4684,100.8696,100.3994
2020 Q2,K: 64 to 66,99.0119,98.8002,99.7862
2020 Q3,K: 64 to 66,99.4919,99.8593,100.3693
2020 Q4,K: 64 to 66,99.7867,101.4811,101.6981
2021 Q1,K: 64 to 66,102.3971,105.1479,102.6864
2021 Q2,K: 64 to 66,102.119,105.3999,103.2128
2021 Q3,K: 64 to 66,101.2497,104.7663,103.4732
2021 Q4,K: 64 to 66,104.042,106.4762,102.3396
2022 Q1,K: 64 to 66,103.7954,105.0623,101.2206
2022 Q2,K: 64 to 66,103.7398,105.3436,101.546
2022 Q3,K: 64 to 66,104.8536,105.2898,100.416
2022 Q4,K: 64 to 66,101.5765,104.4606,102.8393
2023 Q1,K: 64 to 66,99.8831,104.9473,105.0702
1997 Q1,L: 68,143.2951,65.8748,45.9714
1997 Q2,L: 68,139.5638,65.7493,47.1106
1997 Q3,L: 68,137.8078,65.1539,47.2788
1997 Q4,L: 68,136.9164,64.628,47.2025
1998 Q1,L: 68,136.6091,64.3756,47.1239
1998 Q2,L: 68,137.3981,65.1191,47.3945
1998 Q3,L: 68,135.2796,65.5272,48.4383
1998 Q4,L: 68,138.3203,66.0319,47.7384
1999 Q1,L: 68,142.2849,66.7755,46.9308
1999 Q2,L: 68,137.1784,66.4762,48.4597
1999 Q3,L: 68,138.0446,67.3845,48.8136
1999 Q4,L: 68,134.826,66.5322,49.3467
2000 Q1,L: 68,131.0779,65.5544,50.0118
2000 Q2,L: 68,135.6133,66.4294,48.9844
2000 Q3,L: 68,136.3045,67.2878,49.3658
2000 Q4,L: 68,133.4309,67.587,50.6532
2001 Q1,L: 68,132.7145,67.9029,51.1646
2001 Q2,L: 68,128.6199,67.4676,52.4551
2001 Q3,L: 68,127.0374,67.312,52.986
2001 Q4,L: 68,123.8001,67.253,54.3239
2002 Q1,L: 68,124.5452,67.9709,54.5753
2002 Q2,L: 68,124.8098,67.6807,54.2271
2002 Q3,L: 68,123.0567,67.4858,54.8412
2002 Q4,L: 68,124.958,68.6631,54.9489
2003 Q1,L: 68,125.0306,70.732,56.5717
2003 Q2,L: 68,123.2116,70.9451,57.5799
2003 Q3,L: 68,120.417,70.3511,58.423
2003 Q4,L: 68,120.3163,69.9763,58.1603
2004 Q1,L: 68,117.5722,70.5733,60.0255
2004 Q2,L: 68,117.5787,71.2519,60.5993
2004 Q3,L: 68,116.7133,70.9375,60.7793
2004 Q4,L: 68,112.0603,70.07,62.5289
2005 Q1,L: 68,111.7608,70.5144,63.094
2005 Q2,L: 68,108.9712,70.7305,64.9075
2005 Q3,L: 68,108.9774,71.947,66.0202
2005 Q4,L: 68,108.5409,72.7208,66.9985
2006 Q1,L: 68,105.3732,73.4145,69.6709
2006 Q2,L: 68,102.3613,73.8558,72.152
2006 Q3,L: 68,103.7343,73.9147,71.2539
2006 Q4,L: 68,100.4033,73.3948,73.1001
2007 Q1,L: 68,98.6524,72.8342,73.8291
2007 Q2,L: 68,98.8203,72.9853,73.8566
2007 Q3,L: 68,94.8894,72.8009,76.7219
2007 Q4,L: 68,93.7607,73.422,78.3079
2008 Q1,L: 68,94.962,73.5883,77.4923
2008 Q2,L: 68,94.7858,74.016,78.0877
2008 Q3,L: 68,95.4332,74.4104,77.9712
2008 Q4,L: 68,96.4972,74.8275,77.5437
2009 Q1,L: 68,102.8024,76.5141,74.4283
2009 Q2,L: 68,97.35,75.7328,77.7943
2009 Q3,L: 68,94.1584,75.757,80.4569
2009 Q4,L: 68,94.9103,76.5912,80.6985
2010 Q1,L: 68,96.123,77.7473,80.8832
2010 Q2,L: 68,96.4042,78.5347,81.4639
2010 Q3,L: 68,97.8926,79.3885,81.0976
2010 Q4,L: 68,102.4977,79.8208,77.8757
2011 Q1,L: 68,101.716,79.4173,78.0774
2011 Q2,L: 68,101.9653,80.3406,78.7921
2011 Q3,L: 68,103.5717,81.3366,78.5317
2011 Q4,L: 68,101.5946,82.1708,80.881
2012 Q1,L: 68,102.5882,83.9677,81.8492
2012 Q2,L: 68,105.4857,85.5107,81.0638
2012 Q3,L: 68,104.439,87.1172,83.4144
2012 Q4,L: 68,103.2296,87.7232,84.9787
2013 Q1,L: 68,104.3566,88.172,84.4911
2013 Q2,L: 68,100.4418,88.7599,88.3695
2013 Q3,L: 68,98.8837,89.1846,90.1914
2013 Q4,L: 68,98.0169,89.0471,90.8487
2014 Q1,L: 68,99.4237,89.8027,90.3233
2014 Q2,L: 68,101.7678,91.0903,89.508
2014 Q3,L: 68,102.4588,92.2676,90.0534
2014 Q4,L: 68,100.6926,92.5502,91.9136
2015 Q1,L: 68,99.6604,92.5653,92.8807
2015 Q2,L: 68,99.6834,94.2655,94.5649
2015 Q3,L: 68,102.1379,95.6468,93.6448
2015 Q4,L: 68,103.1746,96.1531,93.1945
2016 Q1,L: 68,103.4272,96.5747,93.3746
2016 Q2,L: 68,103.4259,97.4225,94.1955
2016 Q3,L: 68,104.2417,96.8588,92.9176
2016 Q4,L: 68,104.6938,96.5656,92.2363
2017 Q1,L: 68,102.3648,97.1747,94.9298
2017 Q2,L: 68,103.7673,97.1898,93.6613
2017 Q3,L: 68,101.873,96.7304,94.9519
2017 Q4,L: 68,99.7048,96.8059,97.0925
2018 Q1,L: 68,98.5515,97.5752,99.0093
2018 Q2,L: 68,100.2698,97.7021,97.4392
2018 Q3,L: 68,101.7352,98.6406,96.9582
2018 Q4,L: 68,99.801,99.564,99.7625
2019 Q1,L: 68,104.5558,100.5297,96.1493
2019 Q2,L: 68,101.5906,99.8965,98.3324
2019 Q3,L: 68,97.4607,99.9615,102.5659
2019 Q4,L: 68,96.7558,99.6124,102.9524
2020 Q1,L: 68,94.7246,100.6461,106.2513
2020 Q2,L: 68,93.7573,99.833,106.4802
2020 Q3,L: 68,96.2296,99.7,103.6064
2020 Q4,L: 68,93.9865,99.9675,106.3637
2021 Q1,L: 68,95.8109,100.6279,105.0276
2021 Q2,L: 68,95.5247,100.0809,104.7696
2021 Q3,L: 68,94.7025,99.5534,105.1222
2021 Q4,L: 68,97.3866,99.499,102.1691
2022 Q1,L: 68,98.6747,99.3736,100.7082
2022 Q2,L: 68,96.1339,99.6532,103.6608
2022 Q3,L: 68,93.7937,99.6471,106.2407
2022 Q4,L: 68,92.4776,99.57,107.6693
2023 Q1,L: 68,89.9919,99.4945,110.5594
1997 Q1,M: 69 to 75,99.63,56.0474,56.2556
1997 Q2,M: 69 to 75,97.5607,55.7943,57.1893
1997 Q3,M: 69 to 75,98.8174,57.158,57.842
1997 Q4,M: 69 to 75,96.9898,56.7797,58.5419
1998 Q1,M: 69 to 75,95.5183,56.4884,59.1388
1998 Q2,M: 69 to 75,100.8216,59.7222,59.2355
1998 Q3,M: 69 to 75,100.8633,60.0407,59.5268
1998 Q4,M: 69 to 75,101.5822,61.2983,60.3435
1999 Q1,M: 69 to 75,99.5293,60.2748,60.5599
1999 Q2,M: 69 to 75,99.1692,60.8029,61.3122
1999 Q3,M: 69 to 75,99.0504,61.7583,62.3504
1999 Q4,M: 69 to 75,101.9756,64.0231,62.7827
2000 Q1,M: 69 to 75,97.2062,61.7992,63.5753
2000 Q2,M: 69 to 75,101.4799,65.1691,64.2187
2000 Q3,M: 69 to 75,101.5772,65.934,64.9102
2000 Q4,M: 69 to 75,100.5108,65.2344,64.9029
2001 Q1,M: 69 to 75,99.9308,65.836,65.8815
2001 Q2,M: 69 to 75,99.8786,66.2906,66.3711
2001 Q3,M: 69 to 75,101.8092,66.8867,65.6981
2001 Q4,M: 69 to 75,100.6698,66.149,65.7089
2002 Q1,M: 69 to 75,99.1438,65.1201,65.6825
2002 Q2,M: 69 to 75,103.6496,67.9946,65.6004
2002 Q3,M: 69 to 75,103.8737,68.8139,66.2477
2002 Q4,M: 69 to 75,102.8438,69.1161,67.2049
2003 Q1,M: 69 to 75,106.6587,71.4135,66.9552
2003 Q2,M: 69 to 75,102.3243,70.1722,68.5783
2003 Q3,M: 69 to 75,104.6868,71.7402,68.5284
2003 Q4,M: 69 to 75,110.7758,75.8777,68.4967
2004 Q1,M: 69 to 75,111.324,75.8614,68.1447
2004 Q2,M: 69 to 75,112.3301,76.6154,68.2056
2004 Q3,M: 69 to 75,112.8292,77.5382,68.7217
2004 Q4,M: 69 to 75,110.5231,76.5637,69.2739
2005 Q1,M: 69 to 75,109.3682,76.8413,70.2593
2005 Q2,M: 69 to 75,107.2118,76.6399,71.4846
2005 Q3,M: 69 to 75,107.7254,77.7723,72.1949
2005 Q4,M: 69 to 75,112.4089,81.8064,72.7757
2006 Q1,M: 69 to 75,113.9203,83.7499,73.5162
2006 Q2,M: 69 to 75,114.7298,84.0983,73.3012
2006 Q3,M: 69 to 75,112.8997,83.7173,74.1519
2006 Q4,M: 69 to 75,112.1268,83.916,74.8402
2007 Q1,M: 69 to 75,113.2783,85.2634,75.2689
2007 Q2,M: 69 to 75,111.5095,85.1899,76.397
2007 Q3,M: 69 to 75,111.5683,86.3794,77.4229
2007 Q4,M: 69 to 75,109.8042,85.8568,78.1908
2008 Q1,M: 69 to 75,111.3637,87.3158,78.406
2008 Q2,M: 69 to 75,108.5904,85.6363,78.8618
2008 Q3,M: 69 to 75,109.95,83.2327,75.7005
2008 Q4,M: 69 to 75,112.6346,82.3399,73.1036
2009 Q1,M: 69 to 75,105.488,80.3174,76.1389
2009 Q2,M: 69 to 75,107.6775,81.0632,75.2834
2009 Q3,M: 69 to 75,106.6802,81.1286,76.0484
2009 Q4,M: 69 to 75,104.3951,80.0261,76.657
2010 Q1,M: 69 to 75,106.2065,81.5342,76.7695
2010 Q2,M: 69 to 75,107.8276,83.0313,77.0037
2010 Q3,M: 69 to 75,108.7636,84.2372,77.4498
2010 Q4,M: 69 to 75,109.4612,83.6465,76.4166
2011 Q1,M: 69 to 75,107.4542,82.4461,76.7267
2011 Q2,M: 69 to 75,107.595,82.5413,76.7148
2011 Q3,M: 69 to 75,107.6532,82.3236,76.4711
2011 Q4,M: 69 to 75,107.0549,82.3889,76.9594
2012 Q1,M: 69 to 75,110.0514,84.9803,77.2188
2012 Q2,M: 69 to 75,103.9899,82.0704,78.9216
2012 Q3,M: 69 to 75,106.0269,83.7281,78.9688
2012 Q4,M: 69 to 75,104.8847,84.7489,80.802
2013 Q1,M: 69 to 75,107.0669,86.6244,80.9068
2013 Q2,M: 69 to 75,106.7264,87.422,81.9122
2013 Q3,M: 69 to 75,107.917,89.6868,83.1072
2013 Q4,M: 69 to 75,106.0257,89.2077,84.1378
2014 Q1,M: 69 to 75,104.5881,90.4136,86.4473
2014 Q2,M: 69 to 75,104.0158,90.7565,87.2527
2014 Q3,M: 69 to 75,105.2603,92.172,87.5658
2014 Q4,M: 69 to 75,106.5177,93.5222,87.7996
2015 Q1,M: 69 to 75,105.4402,94.151,89.2932
2015 Q2,M: 69 to 75,108.0939,96.8676,89.6143
2015 Q3,M: 69 to 75,107.2513,97.5318,90.9376
2015 Q4,M: 69 to 75,106.708,98.1143,91.9465
2016 Q1,M: 69 to 75,105.4354,97.8611,92.8162
2016 Q2,M: 69 to 75,103.8576,98.5362,94.8763
2016 Q3,M: 69 to 75,102.8776,98.1524,95.407
2016 Q4,M: 69 to 75,103.138,99.067,96.0528
2017 Q1,M: 69 to 75,104.7132,99.116,94.6548
2017 Q2,M: 69 to 75,106.5428,99.4889,93.3793
2017 Q3,M: 69 to 75,108.2252,101.0786,93.3966
2017 Q4,M: 69 to 75,108.9439,101.7346,93.3826
2018 Q1,M: 69 to 75,108.5936,101.8789,93.8166
2018 Q2,M: 69 to 75,107.4265,100.9344,93.9566
2018 Q3,M: 69 to 75,104.574,100.6621,96.2593
2018 Q4,M: 69 to 75,101.8588,99.9843,98.1597
2019 Q1,M: 69 to 75,99.3729,98.3375,98.9581
2019 Q2,M: 69 to 75,98.7503,99.1759,100.431
2019 Q3,M: 69 to 75,100.7777,101.2392,100.4579
2019 Q4,M: 69 to 75,101.0927,101.2474,100.153
2020 Q1,M: 69 to 75,98.4357,99.3746,100.9538
2020 Q2,M: 69 to 75,87.302,85.3941,97.8146
2020 Q3,M: 69 to 75,92.2543,90.5605,98.164
2020 Q4,M: 69 to 75,95.9601,94.7525,98.7416
2021 Q1,M: 69 to 75,98.4707,97.6379,99.1543
2021 Q2,M: 69 to 75,102.3328,100.8146,98.5164
2021 Q3,M: 69 to 75,102.9854,103.2781,100.2842
2021 Q4,M: 69 to 75,104.8097,104.8514,100.0398
2022 Q1,M: 69 to 75,104.3862,106.2614,101.7965
2022 Q2,M: 69 to 75,105.0919,108.0689,102.8327
2022 Q3,M: 69 to 75,104.6813,108.2567,103.4156
2022 Q4,M: 69 to 75,103.5299,108.5643,104.8627
2023 Q1,M: 69 to 75,103.0735,108.5071,105.2717
1997 Q1,N: 77 to 82,94.7039,52.6597,55.6046
1997 Q2,N: 77 to 82,95.9851,54.024,56.2837
1997 Q3,N: 77 to 82,100.2281,56.7446,56.6155
1997 Q4,N: 77 to 82,98.4348,56.5756,57.4752
1998 Q1,N: 77 to 82,92.0913,53.3792,57.9634
1998 Q2,N: 77 to 82,95.5739,55.7382,58.3194
1998 Q3,N: 77 to 82,93.1447,55.0659,59.1186
1998 Q4,N: 77 to 82,94.9012,56.5677,59.6069
1999 Q1,N: 77 to 82,91.9854,55.1838,59.9919
1999 Q2,N: 77 to 82,90.9374,55.2192,60.7222
1999 Q3,N: 77 to 82,89.2276,54.7828,61.3967
1999 Q4,N: 77 to 82,90.3538,55.9229,61.8933
2000 Q1,N: 77 to 82,86.4447,54.3975,62.9275
2000 Q2,N: 77 to 82,87.0633,55.1759,63.3745
2000 Q3,N: 77 to 82,89.4856,57.2636,63.992
2000 Q4,N: 77 to 82,90.3426,58.6593,64.9299
2001 Q1,N: 77 to 82,90.1261,59.0879,65.5613
2001 Q2,N: 77 to 82,91.5621,60.5111,66.0875
2001 Q3,N: 77 to 82,90.4409,59.7523,66.0678
2001 Q4,N: 77 to 82,86.1773,56.8272,65.9422
2002 Q1,N: 77 to 82,85.2943,56.0959,65.7675
2002 Q2,N: 77 to 82,89.0407,58.8087,66.047
2002 Q3,N: 77 to 82,88.4636,58.8245,66.4957
2002 Q4,N: 77 to 82,89.0466,59.6068,66.939
2003 Q1,N: 77 to 82,88.074,58.5532,66.4818
2003 Q2,N: 77 to 82,85.6677,57.586,67.2202
2003 Q3,N: 77 to 82,87.8088,59.3002,67.5333
2003 Q4,N: 77 to 82,89.0757,60.4207,67.8307
2004 Q1,N: 77 to 82,89.6211,61.0969,68.1725
2004 Q2,N: 77 to 82,89.2742,61.2424,68.6003
2004 Q3,N: 77 to 82,87.0396,60.2949,69.2729
2004 Q4,N: 77 to 82,85.993,60.2752,70.0931
2005 Q1,N: 77 to 82,84.396,60.1809,71.3077
2005 Q2,N: 77 to 82,84.9027,60.7706,71.5767
2005 Q3,N: 77 to 82,87.5578,63.1767,72.1543
2005 Q4,N: 77 to 82,91.379,66.436,72.7038
2006 Q1,N: 77 to 82,88.918,65.2054,73.3321
2006 Q2,N: 77 to 82,86.4716,64.1124,74.1428
2006 Q3,N: 77 to 82,86.5855,64.3208,74.2859
2006 Q4,N: 77 to 82,87.0095,65.5003,75.2795
2007 Q1,N: 77 to 82,88.6698,66.9904,75.5503
2007 Q2,N: 77 to 82,87.559,67.6116,77.2183
2007 Q3,N: 77 to 82,88.4736,69.3847,78.4242
2007 Q4,N: 77 to 82,87.6759,69.1999,78.927
2008 Q1,N: 77 to 82,90.7539,71.9835,79.3172
2008 Q2,N: 77 to 82,88.1903,70.69,80.1562
2008 Q3,N: 77 to 82,84.7007,69.711,82.3028
2008 Q4,N: 77 to 82,83.2173,68.1148,81.8517
2009 Q1,N: 77 to 82,80.4948,65.288,81.1083
2009 Q2,N: 77 to 82,85.2249,67.4386,79.1301
2009 Q3,N: 77 to 82,86.1837,66.4478,77.1002
2009 Q4,N: 77 to 82,85.1157,66.0429,77.5919
2010 Q1,N: 77 to 82,87.2176,69.0427,79.1613
2010 Q2,N: 77 to 82,84.9062,68.0912,80.1958
2010 Q3,N: 77 to 82,84.7109,68.1187,80.4132
2010 Q4,N: 77 to 82,83.8446,67.8278,80.8971
2011 Q1,N: 77 to 82,87.1824,71.1028,81.5564
2011 Q2,N: 77 to 82,86.7859,71.7358,82.6583
2011 Q3,N: 77 to 82,85.8826,71.7515,83.546
2011 Q4,N: 77 to 82,83.2767,71.1225,85.405
2012 Q1,N: 77 to 82,85.6807,73.5404,85.8307
2012 Q2,N: 77 to 82,83.5933,72.6047,86.8547
2012 Q3,N: 77 to 82,86.3868,75.5573,87.464
2012 Q4,N: 77 to 82,90.0871,78.4627,87.0965
2013 Q1,N: 77 to 82,90.4922,78.6947,86.963
2013 Q2,N: 77 to 82,94.3895,81.9422,86.8129
2013 Q3,N: 77 to 82,95.7711,83.9512,87.6583
2013 Q4,N: 77 to 82,97.0497,86.1726,88.7922
2014 Q1,N: 77 to 82,96.5249,86.7466,89.8697
2014 Q2,N: 77 to 82,95.2641,88.2367,92.6232
2014 Q3,N: 77 to 82,95.0408,89.4515,94.1191
2014 Q4,N: 77 to 82,94.8636,90.1042,94.9829
2015 Q1,N: 77 to 82,95.9215,91.2011,95.0789
2015 Q2,N: 77 to 82,97.8982,93.0489,95.0466
2015 Q3,N: 77 to 82,99.1711,95.4276,96.2252
2015 Q4,N: 77 to 82,96.9456,93.6819,96.6335
2016 Q1,N: 77 to 82,96.9495,94.1341,97.096
2016 Q2,N: 77 to 82,96.4086,94.0122,97.5143
2016 Q3,N: 77 to 82,98.4936,95.3529,96.8112
2016 Q4,N: 77 to 82,99.9774,97.0238,97.0457
2017 Q1,N: 77 to 82,101.8273,99.6068,97.8194
2017 Q2,N: 77 to 82,100.9482,99.1744,98.2428
2017 Q3,N: 77 to 82,100.299,99.7091,99.4118
2017 Q4,N: 77 to 82,99.2168,99.3749,100.1594
2018 Q1,N: 77 to 82,99.1374,98.7498,99.6089
2018 Q2,N: 77 to 82,101.0641,99.8467,98.7953
2018 Q3,N: 77 to 82,99.6504,99.7838,100.1339
2018 Q4,N: 77 to 82,99.5391,99.7838,100.2458
2019 Q1,N: 77 to 82,98.9158,98.62,99.701
2019 Q2,N: 77 to 82,98.0724,97.6804,99.6002
2019 Q3,N: 77 to 82,100.4185,100.2988,99.8808
2019 Q4,N: 77 to 82,102.5619,103.4008,100.818
2020 Q1,N: 77 to 82,103.0537,104.6865,101.5844
2020 Q2,N: 77 to 82,76.7109,74.8142,97.5275
2020 Q3,N: 77 to 82,89.3913,86.3613,96.6104
2020 Q4,N: 77 to 82,92.5279,90.0413,97.3126
2021 Q1,N: 77 to 82,93.8641,92.0267,98.0426
2021 Q2,N: 77 to 82,97.2441,96.3515,99.0821
2021 Q3,N: 77 to 82,100.5846,100.7234,100.138
2021 Q4,N: 77 to 82,107.2706,107.4661,100.1822
2022 Q1,N: 77 to 82,108.1865,110.3479,101.9979
2022 Q2,N: 77 to 82,109.8763,112.3295,102.2326
2022 Q3,N: 77 to 82,110.7248,112.3727,101.4883
2022 Q4,N: 77 to 82,114.3621,115.3489,100.8629
2023 Q1,N: 77 to 82,116.8574,117.1457,100.2467
1997 Q1,O: 84,70.5984,76.3944,108.2097
1997 Q2,O: 84,70.9303,76.7502,108.205
1997 Q3,O: 84,71.6884,77.2205,107.7169
1997 Q4,O: 84,73.2046,78.4148,107.1173
1998 Q1,O: 84,74.9428,79.789,106.4665
1998 Q2,O: 84,74.5289,79.2736,106.3663
1998 Q3,O: 84,73.6753,78.288,106.2609
1998 Q4,O: 84,73.0507,78.198,107.0462
1999 Q1,O: 84,73.3463,79.5599,108.4716
1999 Q2,O: 84,74.1521,80.8441,109.0248
1999 Q3,O: 84,74.1363,80.8278,109.0259
1999 Q4,O: 84,72.138,79.0937,109.6422
2000 Q1,O: 84,71.7523,77.2696,107.6894
2000 Q2,O: 84,71.9523,78.1898,108.6689
2000 Q3,O: 84,72.543,79.5967,109.7235
2000 Q4,O: 84,74.0079,81.0609,109.5301
2001 Q1,O: 84,75.874,82.0547,108.1461
2001 Q2,O: 84,74.7699,81.8257,109.4367
2001 Q3,O: 84,75.067,81.7194,108.8618
2001 Q4,O: 84,74.7297,81.838,109.512
2002 Q1,O: 84,73.938,81.2818,109.9324
2002 Q2,O: 84,73.7758,82.0098,111.1608
2002 Q3,O: 84,72.6158,81.0568,111.6242
2002 Q4,O: 84,71.6505,81.1018,113.1909
2003 Q1,O: 84,69.2665,78.8115,113.7801
2003 Q2,O: 84,70.0235,80.4147,114.8396
2003 Q3,O: 84,71.5921,82.4269,115.134
2003 Q4,O: 84,73.0361,84.6722,115.9321
2004 Q1,O: 84,73.0386,84.6804,115.9392
2004 Q2,O: 84,71.997,83.707,116.2646
2004 Q3,O: 84,71.5096,83.6784,117.0171
2004 Q4,O: 84,70.8214,83.1017,117.3399
2005 Q1,O: 84,72.2765,84.0629,116.3073
2005 Q2,O: 84,73.2614,85.6456,116.9042
2005 Q3,O: 84,73.8721,86.9994,117.7703
2005 Q4,O: 84,74.8156,87.7928,117.3456
2006 Q1,O: 84,74.7064,87.118,116.6139
2006 Q2,O: 84,74.0906,86.8358,117.2022
2006 Q3,O: 84,74.8823,87.756,117.1919
2006 Q4,O: 84,75.503,88.2182,116.8405
2007 Q1,O: 84,76.4385,88.6803,116.0152
2007 Q2,O: 84,75.759,88.2713,116.516
2007 Q3,O: 84,75.9415,88.3163,116.2952
2007 Q4,O: 84,75.6709,88.2468,116.6192
2008 Q1,O: 84,78.7504,89.5637,113.7311
2008 Q2,O: 84,78.1313,89.2652,114.2501
2008 Q3,O: 84,77.7676,88.9298,114.3533
2008 Q4,O: 84,77.3488,89.4247,115.6123
2009 Q1,O: 84,79.3366,91.1874,114.9374
2009 Q2,O: 84,80.4989,92.627,115.0662
2009 Q3,O: 84,80.6858,93.9808,116.4775
2009 Q4,O: 84,79.2569,93.0524,117.406
2010 Q1,O: 84,79.5823,91.0688,114.4335
2010 Q2,O: 84,78.1838,90.5535,115.8213
2010 Q3,O: 84,78.0109,90.5657,116.0937
2010 Q4,O: 84,79.8168,92.3489,115.7011
2011 Q1,O: 84,83.8975,92.6965,110.4878
2011 Q2,O: 84,83.9556,92.5084,110.1873
2011 Q3,O: 84,84.7315,92.0463,108.6328
2011 Q4,O: 84,84.4785,91.441,108.2417
2012 Q1,O: 84,87.2804,90.9052,104.153
2012 Q2,O: 84,87.1052,90.9952,104.4658
2012 Q3,O: 84,86.9322,90.7007,104.335
2012 Q4,O: 84,85.6698,90.4471,105.5764
2013 Q1,O: 84,86.9341,89.4328,102.8743
2013 Q2,O: 84,85.8365,89.0034,103.6894
2013 Q3,O: 84,85.4794,88.6885,103.7543
2013 Q4,O: 84,85.7387,88.8398,103.6169
2014 Q1,O: 84,87.7297,88.668,101.0695
2014 Q2,O: 84,87.4921,88.8153,101.5123
2014 Q3,O: 84,87.7257,88.9134,101.3539
2014 Q4,O: 84,87.4566,88.5658,101.2682
2015 Q1,O: 84,88.8502,87.5515,98.5383
2015 Q2,O: 84,89.4983,88.0137,98.3412
2015 Q3,O: 84,90.1827,88.6639,98.3159
2015 Q4,O: 84,91.5823,90.2467,98.5417
2016 Q1,O: 84,93.8892,91.2937,97.2356
2016 Q2,O: 84,93.7932,91.3755,97.4223
2016 Q3,O: 84,94.8113,92.1199,97.1613
2016 Q4,O: 84,96.1498,93.1751,96.9061
2017 Q1,O: 84,96.9133,93.5677,96.5478
2017 Q2,O: 84,96.8102,94.2466,97.3519
2017 Q3,O: 84,97.2821,94.2466,96.8797
2017 Q4,O: 84,97.1015,94.4102,97.2283
2018 Q1,O: 84,95.8701,94.3611,98.426
2018 Q2,O: 84,95.3258,93.899,98.5032
2018 Q3,O: 84,96.9759,95.3836,98.358
2018 Q4,O: 84,97.8603,96.3488,98.4554
2019 Q1,O: 84,100.7,100.2096,99.513
2019 Q2,O: 84,99.835,99.8579,100.0229
2019 Q3,O: 84,100.4007,100.2791,99.8789
2019 Q4,O: 84,99.0736,99.6534,100.5852
2020 Q1,O: 84,95.0125,97.2077,102.3103
2020 Q2,O: 84,94.0224,96.4306,102.5612
2020 Q3,O: 84,90.7309,93.7681,103.3475
2020 Q4,O: 84,89.9031,93.1464,103.6076
2021 Q1,O: 84,88.9538,94.173,105.8673
2021 Q2,O: 84,91.9666,97.3753,105.8812
2021 Q3,O: 84,93.2329,98.7291,105.8951
2021 Q4,O: 84,93.6298,99.4284,106.1931
2022 Q1,O: 84,94.7888,100.365,105.8828
2022 Q2,O: 84,94.5104,100.5695,106.411
2022 Q3,O: 84,96.0714,101.7147,105.874
2022 Q4,O: 84,96.6236,101.9887,105.5526
2023 Q1,O: 84,95.1153,101.2975,106.4996
1997 Q1,P: 85,133.4158,94.7183,70.9948
1997 Q2,P: 85,129.4514,91.8998,70.9917
1997 Q3,P: 85,131.4431,92.8928,70.6715
1997 Q4,P: 85,133.5775,93.8757,70.2781
1998 Q1,P: 85,131.2985,92.6721,70.5813
1998 Q2,P: 85,133.8166,94.3605,70.5148
1998 Q3,P: 85,134.5995,94.8186,70.4449
1998 Q4,P: 85,134.3376,95.3335,70.9656
1999 Q1,P: 85,131.4298,96.283,73.2581
1999 Q2,P: 85,130.1182,95.8082,73.6317
1999 Q3,P: 85,130.0669,95.7714,73.6324
1999 Q4,P: 85,130.004,96.2663,74.0487
2000 Q1,P: 85,124.6389,94.1733,75.5569
2000 Q2,P: 85,127.0104,96.838,76.2442
2000 Q3,P: 85,127.7874,98.3759,76.9841
2000 Q4,P: 85,129.5967,99.5929,76.8483
2001 Q1,P: 85,130.2419,98.4127,75.5615
2001 Q2,P: 85,128.684,98.396,76.4633
2001 Q3,P: 85,128.4097,97.6705,76.0616
2001 Q4,P: 85,125.8646,96.3064,76.5159
2002 Q1,P: 85,120.7941,93.3274,77.2616
2002 Q2,P: 85,121.6717,95.056,78.1249
2002 Q3,P: 85,120.5316,94.5578,78.4506
2002 Q4,P: 85,120.3889,95.7714,79.5517
2003 Q1,P: 85,114.0338,91.97,80.6515
2003 Q2,P: 85,113.3267,92.2509,81.4026
2003 Q3,P: 85,114.2045,93.2037,81.6113
2003 Q4,P: 85,114.7284,94.2803,82.1769
2004 Q1,P: 85,110.0349,91.9968,83.6069
2004 Q2,P: 85,112.1715,94.0463,83.8415
2004 Q3,P: 85,112.5556,94.9791,84.3842
2004 Q4,P: 85,111.1198,94.0262,84.617
2005 Q1,P: 85,108.8113,92.3311,84.8543
2005 Q2,P: 85,108.3185,92.3846,85.2897
2005 Q3,P: 85,109.2574,93.8757,85.9216
2005 Q4,P: 85,107.3643,91.9165,85.6118
2006 Q1,P: 85,102.9895,89.6731,87.0702
2006 Q2,P: 85,103.1335,90.2515,87.5094
2006 Q3,P: 85,103.0393,90.1612,87.5018
2006 Q4,P: 85,102.7245,89.6163,87.2394
2007 Q1,P: 85,100.9772,88.1953,87.3418
2007 Q2,P: 85,102.3841,89.8102,87.7188
2007 Q3,P: 85,102.5327,89.7701,87.5527
2007 Q4,P: 85,101.7109,89.2986,87.7966
2008 Q1,P: 85,101.4674,89.4692,88.1753
2008 Q2,P: 85,99.1115,87.7908,88.5777
2008 Q3,P: 85,98.3207,87.1689,88.6577
2008 Q4,P: 85,95.9855,86.0355,89.6338
2009 Q1,P: 85,92.6179,85.1896,91.9797
2009 Q2,P: 85,93.3566,85.9653,92.0827
2009 Q3,P: 85,93.3624,87.0251,93.2122
2009 Q4,P: 85,91.7594,86.2127,93.9552
2010 Q1,P: 85,91.4003,85.3167,93.3439
2010 Q2,P: 85,90.9279,85.9051,94.476
2010 Q3,P: 85,88.1232,83.451,94.6982
2010 Q4,P: 85,91.4156,86.2762,94.378
2011 Q1,P: 85,93.275,88.9643,95.3785
2011 Q2,P: 85,92.0004,87.5099,95.1191
2011 Q3,P: 85,92.4327,86.6808,93.7772
2011 Q4,P: 85,95.5683,89.2986,93.4396
2012 Q1,P: 85,96.0026,90.9703,94.7582
2012 Q2,P: 85,95.0468,90.3351,95.0427
2012 Q3,P: 85,96.0113,91.1375,94.9237
2012 Q4,P: 85,94.2523,90.5324,96.0532
2013 Q1,P: 85,92.2429,88.737,96.1993
2013 Q2,P: 85,91.828,89.0379,96.9615
2013 Q3,P: 85,90.5404,87.8443,97.0222
2013 Q4,P: 85,91.5334,88.6901,96.8937
2014 Q1,P: 85,89.7386,87.9178,97.971
2014 Q2,P: 85,90.234,88.7904,98.4002
2014 Q3,P: 85,90.7596,89.1682,98.2467
2014 Q4,P: 85,91.1872,89.5126,98.1636
2015 Q1,P: 85,89.1763,89.409,100.261
2015 Q2,P: 85,89.1445,89.1983,100.0604
2015 Q3,P: 85,90.2236,90.2549,100.0346
2015 Q4,P: 85,90.7104,90.9503,100.2644
2016 Q1,P: 85,90.4738,90.87,100.438
2016 Q2,P: 85,88.5793,89.1382,100.6309
2016 Q3,P: 85,88.231,88.5497,100.3612
2016 Q4,P: 85,88.7372,88.8239,100.0977
2017 Q1,P: 85,90.7167,89.3287,98.47
2017 Q2,P: 85,89.762,89.1248,99.2901
2017 Q3,P: 85,91.0319,89.9473,98.8085
2017 Q4,P: 85,91.8384,91.0706,99.164
2018 Q1,P: 85,92.9058,93.0098,100.1119
2018 Q2,P: 85,93.1534,93.3308,100.1904
2018 Q3,P: 85,93.829,93.8691,100.0427
2018 Q4,P: 85,95.7493,95.8851,100.1418
2019 Q1,P: 85,99.3076,98.824,99.513
2019 Q2,P: 85,99.9546,99.9774,100.0229
2019 Q3,P: 85,100.5506,100.4288,99.8789
2019 Q4,P: 85,100.1835,100.7698,100.5852
2020 Q1,P: 85,89.4162,89.3388,99.9134
2020 Q2,P: 85,55.2056,55.293,100.1584
2020 Q3,P: 85,88.6514,89.4725,100.9262
2020 Q4,P: 85,94.6246,95.7414,101.1802
2021 Q1,P: 85,76.9368,77.1788,100.3146
2021 Q2,P: 85,96.5749,96.8915,100.3278
2021 Q3,P: 85,97.3685,97.7006,100.341
2021 Q4,P: 85,96.6102,97.2124,100.6234
2022 Q1,P: 85,95.8572,97.4164,101.6266
2022 Q2,P: 85,96.3732,98.4294,102.1336
2022 Q3,P: 85,98.3722,99.9641,101.6182
2022 Q4,P: 85,97.1438,98.4161,101.3097
2023 Q1,P: 85,95.6879,97.8109,102.2187
1997 Q1,Q: 86 to 88,101.8633,69.1784,67.913
1997 Q2,Q: 86 to 88,102.6912,69.7377,67.9101
1997 Q3,Q: 86 to 88,103.2758,69.8183,67.6038
1997 Q4,Q: 86 to 88,103.6798,69.7013,67.2274
1998 Q1,Q: 86 to 88,103.0802,69.2071,67.139
1998 Q2,Q: 86 to 88,103.6814,69.5452,67.0758
1998 Q3,Q: 86 to 88,106.0629,71.072,67.0093
1998 Q4,Q: 86 to 88,106.3906,71.8185,67.5046
1999 Q1,Q: 86 to 88,103.9758,70.4322,67.739
1999 Q2,Q: 86 to 88,103.2495,70.2969,68.0845
1999 Q3,Q: 86 to 88,103.1988,70.2631,68.0852
1999 Q4,Q: 86 to 88,101.5475,69.5296,68.47
2000 Q1,Q: 86 to 88,99.7502,68.4918,68.6633
2000 Q2,Q: 86 to 88,103.3259,71.5923,69.2878
2000 Q3,Q: 86 to 88,105.0097,73.465,69.9603
2000 Q4,Q: 86 to 88,109.0984,76.191,69.8369
2001 Q1,Q: 86 to 88,110.6777,77.9545,70.4338
2001 Q2,Q: 86 to 88,111.5256,79.4891,71.2744
2001 Q3,Q: 86 to 88,112.5841,79.8221,70.9
2001 Q4,Q: 86 to 88,111.7807,79.7258,71.3234
2002 Q1,Q: 86 to 88,107.7124,77.3172,71.7812
2002 Q2,Q: 86 to 88,109.4678,79.4553,72.5833
2002 Q3,Q: 86 to 88,110.4016,80.4672,72.8859
2002 Q4,Q: 86 to 88,111.9458,82.7379,73.9089
2003 Q1,Q: 86 to 88,110.3865,81.5986,73.9209
2003 Q2,Q: 86 to 88,110.9996,82.8159,74.6092
2003 Q3,Q: 86 to 88,112.284,83.989,74.8005
2003 Q4,Q: 86 to 88,113.1722,85.2401,75.319
2004 Q1,Q: 86 to 88,107.356,82.3399,76.698
2004 Q2,Q: 86 to 88,111.1612,85.4977,76.9132
2004 Q3,Q: 86 to 88,114.213,88.4135,77.411
2004 Q4,Q: 86 to 88,114.7767,89.095,77.6246
2005 Q1,Q: 86 to 88,111.0639,87.823,79.0743
2005 Q2,Q: 86 to 88,111.6881,88.7698,79.4801
2005 Q3,Q: 86 to 88,112.296,89.9143,80.069
2005 Q4,Q: 86 to 88,113.3904,90.4631,79.7802
2006 Q1,Q: 86 to 88,110.2017,89.5267,81.239
2006 Q2,Q: 86 to 88,110.0117,89.8233,81.6488
2006 Q3,Q: 86 to 88,110.3368,90.0808,81.6417
2006 Q4,Q: 86 to 88,109.2849,88.9545,81.3969
2007 Q1,Q: 86 to 88,110.0402,89.5866,81.4126
2007 Q2,Q: 86 to 88,109.65,89.6542,81.764
2007 Q3,Q: 86 to 88,110.3872,90.086,81.6091
2007 Q4,Q: 86 to 88,111.5394,91.2799,81.8364
2008 Q1,Q: 86 to 88,110.8882,92.1746,83.124
2008 Q2,Q: 86 to 88,110.1601,91.9874,83.5034
2008 Q3,Q: 86 to 88,108.3677,90.5724,83.5787
2008 Q4,Q: 86 to 88,104.3002,88.1326,84.4989
2009 Q1,Q: 86 to 88,101.3137,86.8892,85.7626
2009 Q2,Q: 86 to 88,102.8998,88.3484,85.8587
2009 Q3,Q: 86 to 88,102.3084,88.9181,86.9118
2009 Q4,Q: 86 to 88,101.6478,89.0481,87.6046
2010 Q1,Q: 86 to 88,99.5626,88.84,89.2304
2010 Q2,Q: 86 to 88,99.6541,90.0001,90.3126
2010 Q3,Q: 86 to 88,101.1385,91.5556,90.5249
2010 Q4,Q: 86 to 88,102.6493,92.609,90.2188
2011 Q1,Q: 86 to 88,98.9809,91.6206,92.564
2011 Q2,Q: 86 to 88,99.8285,92.1538,92.3122
2011 Q3,Q: 86 to 88,101.5285,92.4009,91.0099
2011 Q4,Q: 86 to 88,101.6114,92.1434,90.6822
2012 Q1,Q: 86 to 88,101.5922,93.0876,91.6287
2012 Q2,Q: 86 to 88,101.4917,93.2749,91.9039
2012 Q3,Q: 86 to 88,102.4578,94.0448,91.7888
2012 Q4,Q: 86 to 88,102.2444,94.9656,92.881
2013 Q1,Q: 86 to 88,101.9715,95.6887,93.8387
2013 Q2,Q: 86 to 88,99.869,94.4584,94.5823
2013 Q3,Q: 86 to 88,98.8859,93.587,94.6414
2013 Q4,Q: 86 to 88,98.6124,93.2047,94.5162
2014 Q1,Q: 86 to 88,97.6915,92.8873,95.0823
2014 Q2,Q: 86 to 88,97.8482,93.444,95.4989
2014 Q3,Q: 86 to 88,99.3979,94.7757,95.3499
2014 Q4,Q: 86 to 88,100.8471,96.0763,95.2693
2015 Q1,Q: 86 to 88,99.0458,95.1503,96.0669
2015 Q2,Q: 86 to 88,101.8028,97.6031,95.8747
2015 Q3,Q: 86 to 88,102.8059,98.5395,95.85
2015 Q4,Q: 86 to 88,102.7219,98.6852,96.0702
2016 Q1,Q: 86 to 88,101.2674,97.9334,96.7078
2016 Q2,Q: 86 to 88,102.0826,98.9114,96.8935
2016 Q3,Q: 86 to 88,103.4255,99.9441,96.6339
2016 Q4,Q: 86 to 88,104.9015,101.1042,96.3801
2017 Q1,Q: 86 to 88,104.8372,102.233,97.516
2017 Q2,Q: 86 to 88,104.6273,102.8781,98.3282
2017 Q3,Q: 86 to 88,104.9166,102.6622,97.8513
2017 Q4,Q: 86 to 88,103.9657,102.0978,98.2034
2018 Q1,Q: 86 to 88,103.0851,101.9469,98.8959
2018 Q2,Q: 86 to 88,102.9334,101.8767,98.9734
2018 Q3,Q: 86 to 88,103.0169,101.8091,98.8275
2018 Q4,Q: 86 to 88,101.7791,100.6854,98.9254
2019 Q1,Q: 86 to 88,98.3003,97.8216,99.513
2019 Q2,Q: 86 to 88,99.6924,99.7152,100.0229
2019 Q3,Q: 86 to 88,100.9794,100.8571,99.8789
2019 Q4,Q: 86 to 88,101.015,101.6062,100.5852
2020 Q1,Q: 86 to 88,100.4428,101.5073,101.0599
2020 Q2,Q: 86 to 88,50.241,50.898,101.3077
2020 Q3,Q: 86 to 88,59.2379,60.4726,102.0843
2020 Q4,Q: 86 to 88,61.9027,63.352,102.3412
2021 Q1,Q: 86 to 88,64.4946,67.0221,103.919
2021 Q2,Q: 86 to 88,76.2662,79.2655,103.9327
2021 Q3,Q: 86 to 88,83.4654,86.7592,103.9463
2021 Q4,Q: 86 to 88,91.7077,95.5951,104.2388
2022 Q1,Q: 86 to 88,88.6753,91.8911,103.6265
2022 Q2,Q: 86 to 88,85.0506,88.5747,104.1436
2022 Q3,Q: 86 to 88,85.9113,89.0195,103.618
2022 Q4,Q: 86 to 88,86.5204,89.3785,103.3034
2023 Q1,Q: 86 to 88,85.0647,88.6632,104.2303
1997 Q1,R: 90 to 93,106.98,70.5024,65.9024
1997 Q2,R: 90 to 93,109.733,73.6888,67.1528
1997 Q3,R: 90 to 93,98.3429,66.5529,67.6743
1997 Q4,R: 90 to 93,101.1951,68.7084,67.8969
1998 Q1,R: 90 to 93,92.4646,61.5858,66.6047
1998 Q2,R: 90 to 93,91.5871,58.9617,64.3778
1998 Q3,R: 90 to 93,101.6075,66.2315,65.1837
1998 Q4,R: 90 to 93,98.5124,64.8258,65.8047
1999 Q1,R: 90 to 93,95.6092,64.9998,67.9849
1999 Q2,R: 90 to 93,92.8666,65.0266,70.0215
1999 Q3,R: 90 to 93,89.3929,64.4911,72.1434
1999 Q4,R: 90 to 93,90.3273,65.7496,72.7904
2000 Q1,R: 90 to 93,95.2395,69.4983,72.9722
2000 Q2,R: 90 to 93,92.3344,67.6909,73.3106
2000 Q3,R: 90 to 93,95.3872,68.9494,72.2837
2000 Q4,R: 90 to 93,96.8817,70.6363,72.9098
2001 Q1,R: 90 to 93,96.7211,71.4396,73.8614
2001 Q2,R: 90 to 93,99.4266,73.3005,73.7233
2001 Q3,R: 90 to 93,99.4708,74.4251,74.8211
2001 Q4,R: 90 to 93,101.5461,77.2768,76.1002
2002 Q1,R: 90 to 93,105.5444,80.6908,76.452
2002 Q2,R: 90 to 93,103.9816,80.4365,77.3564
2002 Q3,R: 90 to 93,107.156,84.0647,78.4507
2002 Q4,R: 90 to 93,107.388,82.8731,77.1717
2003 Q1,R: 90 to 93,115.409,89.1254,77.2257
2003 Q2,R: 90 to 93,118.2164,91.8432,77.6908
2003 Q3,R: 90 to 93,122.7656,96.3283,78.4652
2003 Q4,R: 90 to 93,125.0557,99.8895,79.876
2004 Q1,R: 90 to 93,123.1444,99.6619,80.931
2004 Q2,R: 90 to 93,132.3688,106.1418,80.1864
2004 Q3,R: 90 to 93,125.575,99.4076,79.1619
2004 Q4,R: 90 to 93,126.8606,101.2551,79.8161
2005 Q1,R: 90 to 93,126.6839,101.9513,80.477
2005 Q2,R: 90 to 93,128.533,105.7402,82.267
2005 Q3,R: 90 to 93,129.9717,107.387,82.6233
2005 Q4,R: 90 to 93,133.0535,110.5064,83.0541
2006 Q1,R: 90 to 93,126.3915,106.5569,84.307
2006 Q2,R: 90 to 93,125.612,107.32,85.4377
2006 Q3,R: 90 to 93,122.9616,106.838,86.8873
2006 Q4,R: 90 to 93,124.3242,106.1552,85.3858
2007 Q1,R: 90 to 93,117.062,98.6444,84.2668
2007 Q2,R: 90 to 93,120.8202,101.4961,84.0059
2007 Q3,R: 90 to 93,122.2852,103.3035,84.4775
2007 Q4,R: 90 to 93,127.3815,108.1099,84.871
2008 Q1,R: 90 to 93,124.9982,107.9091,86.3285
2008 Q2,R: 90 to 93,122.3178,106.2623,86.8739
2008 Q3,R: 90 to 93,116.3179,101.389,87.1655
2008 Q4,R: 90 to 93,108.2581,95.5919,88.3001
2009 Q1,R: 90 to 93,114.364,95.9534,83.9018
2009 Q2,R: 90 to 93,114.8481,93.8381,81.7062
2009 Q3,R: 90 to 93,118.9758,94.0255,79.0291
2009 Q4,R: 90 to 93,114.78,88.0008,76.6691
2010 Q1,R: 90 to 93,114.0962,89.3128,78.2786
2010 Q2,R: 90 to 93,111.6731,88.5631,79.3057
2010 Q3,R: 90 to 93,109.3293,90.6918,82.9529
2010 Q4,R: 90 to 93,110.2762,91.7763,83.224
2011 Q1,R: 90 to 93,115.7747,96.3952,83.2611
2011 Q2,R: 90 to 93,117.1271,97.2253,83.0084
2011 Q3,R: 90 to 93,117.0284,94.8824,81.0764
2011 Q4,R: 90 to 93,113.1035,92.3788,81.6763
2012 Q1,R: 90 to 93,106.795,89.2861,83.6051
2012 Q2,R: 90 to 93,104.8917,88.8978,84.752
2012 Q3,R: 90 to 93,117.0039,100.8669,86.2081
2012 Q4,R: 90 to 93,103.0326,89.7413,87.0999
2013 Q1,R: 90 to 93,106.9701,91.2541,85.3081
2013 Q2,R: 90 to 93,113.4018,97.6939,86.1484
2013 Q3,R: 90 to 93,114.7692,99.4611,86.6619
2013 Q4,R: 90 to 93,118.0292,102.6341,86.9565
2014 Q1,R: 90 to 93,115.4021,103.9194,90.0498
2014 Q2,R: 90 to 93,113.7445,101.5095,89.2435
2014 Q3,R: 90 to 93,112.091,101.3623,90.4286
2014 Q4,R: 90 to 93,109.7098,99.0996,90.3288
2015 Q1,R: 90 to 93,106.6922,98.6712,92.4821
2015 Q2,R: 90 to 93,105.733,98.1491,92.8273
2015 Q3,R: 90 to 93,104.9304,98.0286,93.4225
2015 Q4,R: 90 to 93,101.5123,93.8247,92.4269
2016 Q1,R: 90 to 93,97.4012,88.871,91.2423
2016 Q2,R: 90 to 93,94.7767,88.0142,92.8648
2016 Q3,R: 90 to 93,94.597,89.0183,94.1027
2016 Q4,R: 90 to 93,92.7952,89.7814,96.7522
2017 Q1,R: 90 to 93,96.2339,92.4457,96.0635
2017 Q2,R: 90 to 93,103.6453,97.2922,93.8704
2017 Q3,R: 90 to 93,101.1854,99.3005,98.1372
2017 Q4,R: 90 to 93,101.5934,99.7557,98.191
2018 Q1,R: 90 to 93,100.188,97.7742,97.5908
2018 Q2,R: 90 to 93,100.0218,98.4302,98.4088
2018 Q3,R: 90 to 93,100.9272,97.9616,97.0617
2018 Q4,R: 90 to 93,101.1756,98.7783,97.6306
2019 Q1,R: 90 to 93,99.4937,99.5147,100.0211
2019 Q2,R: 90 to 93,100.0047,99.18,99.1753
2019 Q3,R: 90 to 93,100.7873,100.4251,99.6406
2019 Q4,R: 90 to 93,99.7205,100.8803,101.163
2020 Q1,R: 90 to 93,93.331,95.5785,102.4081
2020 Q2,R: 90 to 93,52.842,51.1296,96.7594
2020 Q3,R: 90 to 93,74.4675,68.0925,91.4393
2020 Q4,R: 90 to 93,81.8283,72.5642,88.6786
2021 Q1,R: 90 to 93,83.8288,72.35,86.3069
2021 Q2,R: 90 to 93,87.0711,79.3118,91.0886
2021 Q3,R: 90 to 93,92.6736,87.3448,94.2499
2021 Q4,R: 90 to 93,101.7712,95.7392,94.0729
2022 Q1,R: 90 to 93,106.2581,100.0234,94.1325
2022 Q2,R: 90 to 93,112.7091,105.1779,93.318
2022 Q3,R: 90 to 93,109.1834,104.5486,95.7551
2022 Q4,R: 90 to 93,110.9681,104.2809,93.9738
2023 Q1,R: 90 to 93,108.1267,105.5795,97.6443
1997 Q1,S: 94 to 96,132.681,93.8054,70.6999
1997 Q2,S: 94 to 96,132.642,93.4843,70.4786
1997 Q3,S: 94 to 96,128.7911,91.9249,71.3752
1997 Q4,S: 94 to 96,133.3694,94.2869,70.6961
1998 Q1,S: 94 to 96,126.7552,89.4138,70.5405
1998 Q2,S: 94 to 96,129.0018,90.8471,70.4231
1998 Q3,S: 94 to 96,131.7182,92.0396,69.8761
1998 Q4,S: 94 to 96,135.6982,93.6219,68.9928
1999 Q1,S: 94 to 96,126.9582,87.3269,68.784
1999 Q2,S: 94 to 96,129.3673,90.5719,70.0114
1999 Q3,S: 94 to 96,120.5648,86.5702,71.8038
1999 Q4,S: 94 to 96,108.9402,80.6765,74.0557
2000 Q1,S: 94 to 96,116.2882,87.6365,75.3615
2000 Q2,S: 94 to 96,115.9366,87.8544,75.778
2000 Q3,S: 94 to 96,116.5266,88.8863,76.2799
2000 Q4,S: 94 to 96,113.4471,85.3203,75.2071
2001 Q1,S: 94 to 96,112.1048,85.3891,76.169
2001 Q2,S: 94 to 96,114.3436,87.0403,76.1217
2001 Q3,S: 94 to 96,108.7905,83.1188,76.4027
2001 Q4,S: 94 to 96,109.7132,84.7356,77.2337
2002 Q1,S: 94 to 96,109.8505,85.6185,77.9409
2002 Q2,S: 94 to 96,109.6695,86.6275,78.9896
2002 Q3,S: 94 to 96,113.8129,89.7692,78.8744
2002 Q4,S: 94 to 96,113.0308,89.1157,78.8419
2003 Q1,S: 94 to 96,104.7086,83.8297,80.06
2003 Q2,S: 94 to 96,106.4929,83.9559,78.837
2003 Q3,S: 94 to 96,104.8119,83.5545,79.7186
2003 Q4,S: 94 to 96,101.1383,81.7658,80.8455
2004 Q1,S: 94 to 96,100.4023,80.8256,80.5017
2004 Q2,S: 94 to 96,105.0336,84.747,80.6857
2004 Q3,S: 94 to 96,105.8452,85.1139,80.4136
2004 Q4,S: 94 to 96,106.9513,86.2835,80.6755
2005 Q1,S: 94 to 96,102.5708,82.1442,80.0854
2005 Q2,S: 94 to 96,102.6161,83.2105,81.0892
2005 Q3,S: 94 to 96,105.0528,85.5153,81.4022
2005 Q4,S: 94 to 96,100.4043,81.2728,80.9455
2006 Q1,S: 94 to 96,101.753,83.2335,81.7996
2006 Q2,S: 94 to 96,100.9866,83.1532,82.3409
2006 Q3,S: 94 to 96,99.1479,83.6233,84.342
2006 Q4,S: 94 to 96,103.3813,86.444,83.6167
2007 Q1,S: 94 to 96,99.3127,83.1418,83.7171
2007 Q2,S: 94 to 96,96.6881,81.5365,84.3294
2007 Q3,S: 94 to 96,100.152,83.2908,83.1644
2007 Q4,S: 94 to 96,104.0003,85.8019,82.5016
2008 Q1,S: 94 to 96,102.8938,85.4465,83.0433
2008 Q2,S: 94 to 96,100.7044,83.9903,83.4028
2008 Q3,S: 94 to 96,98.4444,82.729,84.0363
2008 Q4,S: 94 to 96,94.5622,80.5504,85.1824
2009 Q1,S: 94 to 96,98.5561,83.5316,84.7554
2009 Q2,S: 94 to 96,99.7477,83.4972,83.7084
2009 Q3,S: 94 to 96,102.8307,87.1091,84.7112
2009 Q4,S: 94 to 96,101.1643,87.4645,86.4579
2010 Q1,S: 94 to 96,99.1303,85.8363,86.5894
2010 Q2,S: 94 to 96,100.9023,86.96,86.1824
2010 Q3,S: 94 to 96,99.9974,87.0059,87.0081
2010 Q4,S: 94 to 96,97.5556,83.222,85.3073
2011 Q1,S: 94 to 96,96.3484,83.8412,87.0188
2011 Q2,S: 94 to 96,91.8398,81.697,88.956
2011 Q3,S: 94 to 96,92.3908,82.8666,89.6914
2011 Q4,S: 94 to 96,93.193,82.1213,88.1195
2012 Q1,S: 94 to 96,94.9136,82.8895,87.3315
2012 Q2,S: 94 to 96,95.1096,81.697,85.8978
2012 Q3,S: 94 to 96,98.981,84.5292,85.3994
2012 Q4,S: 94 to 96,95.7244,83.0615,86.7715
2013 Q1,S: 94 to 96,96.9839,84.9764,87.6191
2013 Q2,S: 94 to 96,96.4338,85.1025,88.2497
2013 Q3,S: 94 to 96,91.3803,83.8871,91.7999
2013 Q4,S: 94 to 96,90.3659,85.435,94.5434
2014 Q1,S: 94 to 96,92.6256,86.1,92.955
2014 Q2,S: 94 to 96,92.5335,88.1984,95.3151
2014 Q3,S: 94 to 96,94.5541,88.6341,93.739
2014 Q4,S: 94 to 96,93.5001,89.1157,95.3108
2015 Q1,S: 94 to 96,89.4412,85.9395,96.0849
2015 Q2,S: 94 to 96,91.7473,87.7626,95.6569
2015 Q3,S: 94 to 96,93.4321,89.689,95.9938
2015 Q4,S: 94 to 96,96.0544,92.2574,96.047
2016 Q1,S: 94 to 96,94.1085,89.5285,95.1332
2016 Q2,S: 94 to 96,95.5881,91.042,95.2441
2016 Q3,S: 94 to 96,94.6527,92.9225,98.172
2016 Q4,S: 94 to 96,98.8907,93.083,94.1271
2017 Q1,S: 94 to 96,98.4652,94.2755,95.745
2017 Q2,S: 94 to 96,99.7523,96.2018,96.4406
2017 Q3,S: 94 to 96,100.6002,97.4631,96.8816
2017 Q4,S: 94 to 96,103.6599,99.8939,96.367
2018 Q1,S: 94 to 96,105.846,102.5426,96.8791
2018 Q2,S: 94 to 96,106.0581,103.5517,97.6367
2018 Q3,S: 94 to 96,105.1896,102.3936,97.3419
2018 Q4,S: 94 to 96,100.2275,98.5983,98.3745
2019 Q1,S: 94 to 96,99.217,97.3255,98.0936
2019 Q2,S: 94 to 96,95.8754,97.2796,101.4647
2019 Q3,S: 94 to 96,101.9239,100.7195,98.8184
2019 Q4,S: 94 to 96,103.0033,104.6754,101.6233
2020 Q1,S: 94 to 96,97.2266,97.1879,99.9602
2020 Q2,S: 94 to 96,69.8645,68.0522,97.4059
2020 Q3,S: 94 to 96,95.2792,92.1657,96.7322
2020 Q4,S: 94 to 96,95.391,87.8314,92.0752
2021 Q1,S: 94 to 96,79.1424,74.2325,93.7961
2021 Q2,S: 94 to 96,84.6221,80.0459,94.5921
2021 Q3,S: 94 to 96,81.4895,78.0393,95.766
2021 Q4,S: 94 to 96,86.9776,82.4538,94.7988
2022 Q1,S: 94 to 96,88.3497,83.5775,94.5984
2022 Q2,S: 94 to 96,84.1374,81.3416,96.6771
2022 Q3,S: 94 to 96,83.188,79.8509,95.9885
2022 Q4,S: 94 to 96,82.2037,79.5757,96.8031
2023 Q1,S: 94 to 96,83.5738,81.1466,97.0958
1997 Q1,T: 97 and 98,51.2748,87.2096,170.0826
1997 Q2,T: 97 and 98,48.8705,86.2905,176.5697
1997 Q3,T: 97 and 98,51.1255,84.0439,164.3875
1997 Q4,T: 97 and 98,58.4141,83.3291,142.6522
1998 Q1,T: 97 and 98,55.1064,82.7164,150.1029
1998 Q2,T: 97 and 98,52.0243,82.9206,159.3882
1998 Q3,T: 97 and 98,54.7002,82.9206,151.591
1998 Q4,T: 97 and 98,52.3579,82.2058,157.0073
1999 Q1,T: 97 and 98,48.8586,76.6913,156.9659
1999 Q2,T: 97 and 98,59.197,87.516,147.8385
1999 Q3,T: 97 and 98,53.9583,85.1672,157.839
1999 Q4,T: 97 and 98,58.1013,91.0901,156.7782
2000 Q1,T: 97 and 98,51.7763,83.7376,161.7296
2000 Q2,T: 97 and 98,69.5784,104.1613,149.7036
2000 Q3,T: 97 and 98,68.1184,97.83,143.6176
2000 Q4,T: 97 and 98,65.5592,98.2384,149.8469
2001 Q1,T: 97 and 98,64.4237,86.8011,134.7348
2001 Q2,T: 97 and 98,77.7364,102.3232,131.6284
2001 Q3,T: 97 and 98,38.9134,93.7452,240.907
2001 Q4,T: 97 and 98,32.6064,85.4736,262.1374
2002 Q1,T: 97 and 98,27.4008,70.0536,255.6623
2002 Q2,T: 97 and 98,29.0208,77.7125,267.7821
2002 Q3,T: 97 and 98,27.0026,76.9977,285.1488
2002 Q4,T: 97 and 98,29.2205,76.0786,260.3607
2003 Q1,T: 97 and 98,24.4953,72.9129,297.6607
2003 Q2,T: 97 and 98,19.691,61.782,313.758
2003 Q3,T: 97 and 98,20.7483,65.1519,314.011
2003 Q4,T: 97 and 98,16.7422,48.098,287.2868
2004 Q1,T: 97 and 98,20.8154,66.4794,319.3764
2004 Q2,T: 97 and 98,19.3622,63.9265,330.1609
2004 Q3,T: 97 and 98,22.451,67.5006,300.6569
2004 Q4,T: 97 and 98,19.4417,59.229,304.6497
2005 Q1,T: 97 and 98,23.1183,66.071,285.7949
2005 Q2,T: 97 and 98,29.714,84.146,283.1869
2005 Q3,T: 97 and 98,20.4566,59.8417,292.5306
2005 Q4,T: 97 and 98,32.563,87.8223,269.6996
2006 Q1,T: 97 and 98,27.9961,70.9727,253.5095
2006 Q2,T: 97 and 98,23.4124,61.2714,261.7049
2006 Q3,T: 97 and 98,24.5925,66.8879,271.9849
2006 Q4,T: 97 and 98,27.0015,74.2405,274.95
2007 Q1,T: 97 and 98,22.6353,62.8032,277.4567
2007 Q2,T: 97 and 98,15.7355,42.5836,270.6208
2007 Q3,T: 97 and 98,21.76,61.6799,283.4558
2007 Q4,T: 97 and 98,20.8429,62.8032,301.3164
2008 Q1,T: 97 and 98,13.9748,46.5662,333.2154
2008 Q2,T: 97 and 98,21.2729,62.3947,293.3055
2008 Q3,T: 97 and 98,23.7601,64.2328,270.3387
2008 Q4,T: 97 and 98,22.6872,65.8667,290.325
2009 Q1,T: 97 and 98,33.701,51.7743,153.6285
2009 Q2,T: 97 and 98,37.8982,57.0845,150.6258
2009 Q3,T: 97 and 98,32.0068,49.3235,154.1031
2009 Q4,T: 97 and 98,35.4418,51.6722,145.7947
2010 Q1,T: 97 and 98,51.823,65.8667,127.0994
2010 Q2,T: 97 and 98,49.4203,73.0151,147.743
2010 Q3,T: 97 and 98,49.7822,71.3812,143.387
2010 Q4,T: 97 and 98,46.311,64.335,138.9195
2011 Q1,T: 97 and 98,49.2191,70.0536,142.3301
2011 Q2,T: 97 and 98,49.6773,69.7473,140.4008
2011 Q3,T: 97 and 98,44.8706,66.2752,147.703
2011 Q4,T: 97 and 98,45.2641,63.0074,139.1996
2012 Q1,T: 97 and 98,48.6936,67.1943,137.994
2012 Q2,T: 97 and 98,51.5353,65.5604,127.2146
2012 Q3,T: 97 and 98,52.5754,70.8706,134.7979
2012 Q4,T: 97 and 98,48.9084,68.8282,140.7286
2013 Q1,T: 97 and 98,51.3075,68.8282,134.1485
2013 Q2,T: 97 and 98,50.8358,69.3388,136.3975
2013 Q3,T: 97 and 98,58.3079,71.279,122.2459
2013 Q4,T: 97 and 98,55.1378,76.7935,139.2756
2014 Q1,T: 97 and 98,51.5725,85.0651,164.9427
2014 Q2,T: 97 and 98,43.3801,75.2617,173.4935
2014 Q3,T: 97 and 98,45.2275,72.096,159.4074
2014 Q4,T: 97 and 98,48.9222,73.6278,150.4998
2015 Q1,T: 97 and 98,57.595,73.3214,127.3053
2015 Q2,T: 97 and 98,56.7201,70.5642,124.4078
2015 Q3,T: 97 and 98,57.0529,65.5604,114.9117
2015 Q4,T: 97 and 98,70.9325,81.3888,114.7412
2016 Q1,T: 97 and 98,58.2158,81.7973,140.5071
2016 Q2,T: 97 and 98,69.8858,91.2944,130.6336
2016 Q3,T: 97 and 98,59.1052,92.3155,156.1886
2016 Q4,T: 97 and 98,58.0314,86.2905,148.6963
2017 Q1,T: 97 and 98,65.5206,85.7799,130.9205
2017 Q2,T: 97 and 98,73.6233,85.8821,116.6507
2017 Q3,T: 97 and 98,71.4417,88.1287,123.3575
2017 Q4,T: 97 and 98,70.8618,86.9032,122.6376
2018 Q1,T: 97 and 98,78.2077,88.3329,112.9466
2018 Q2,T: 97 and 98,75.9752,91.4986,120.4321
2018 Q3,T: 97 and 98,88.4511,94.6643,107.0245
2018 Q4,T: 97 and 98,110.7117,101.8126,91.9619
2019 Q1,T: 97 and 98,97.6325,98.1363,100.5161
2019 Q2,T: 97 and 98,99.0318,99.6681,100.6426
2019 Q3,T: 97 and 98,106.0191,98.4427,92.8537
2019 Q4,T: 97 and 98,97.8915,103.7529,105.9876
2020 Q1,T: 97 and 98,89.4472,94.6643,105.8326
2020 Q2,T: 97 and 98,56.4969,48.5065,85.8569
2020 Q3,T: 97 and 98,95.6591,84.2481,88.0712
2020 Q4,T: 97 and 98,96.103,84.3503,87.7707
2021 Q1,T: 97 and 98,74.3905,68.9303,92.6601
2021 Q2,T: 97 and 98,79.907,81.2867,101.7267
2021 Q3,T: 97 and 98,62.8399,71.0748,113.1046
2021 Q4,T: 97 and 98,66.2356,74.1384,111.9312
2022 Q1,T: 97 and 98,71.265,69.4409,97.4404
2022 Q2,T: 97 and 98,70.1247,68.5218,97.7143
2022 Q3,T: 97 and 98,67.5256,63.9265,94.67
2022 Q4,T: 97 and 98,66.4382,60.6587,91.3009
2023 Q1,T: 97 and 98,61.5575,61.1693,99.3693
